signal_id,escalation_probability
SIG-01179,0.997338271883551
SIG-00866,0.006630298694767251
SIG-00102,0.004745706638863045
SIG-00440,0.004207963890462702
SIG-00059,0.996720878377841
SIG-01121,0.0011747976145389306
SIG-00324,0.9614713391072837
SIG-00975,0.9944302972219857
SIG-00412,0.024230758760849264
SIG-00856,0.9892671240679067
SIG-00821,0.0036023289792616185
SIG-00045,0.002418646042095584
SIG-00050,0.019162890304759726
SIG-00850,0.9970970600995611
SIG-00241,0.9955636145219673
SIG-00171,0.9812891685976808
SIG-00524,0.002201909279406978
SIG-00766,0.020054772843380805
SIG-00839,0.986496548174736
SIG-00424,0.9647772134398898
SIG-00381,0.025381422569785345
SIG-00610,0.006802803504757076
SIG-00677,0.011161544945460023
SIG-00345,0.9558718368788639
SIG-00110,0.006476652497541789
SIG-00278,0.023115118206894502
SIG-00678,0.008931135297159528
SIG-00571,0.9968189448995689
SIG-00359,0.01195883835408273
SIG-00599,0.9975608622504224
SIG-00391,0.033315988806115415
SIG-00894,0.0071615844645665965
SIG-00693,0.9938470216220088
SIG-00728,0.9968773591513995
SIG-00363,0.007310603510988254
SIG-00597,0.9810341122674513
SIG-00428,0.998059908495742
SIG-00071,0.9625978153314787
SIG-00322,0.0009815559415152619
SIG-00653,0.9835693685946018
SIG-01066,0.9989901378452333
SIG-00108,0.0045106283221573226
SIG-01109,0.015183037752835875
SIG-00356,0.9544268861789247
SIG-00951,0.002053143592366244
SIG-00343,0.020948326312487383
SIG-00355,0.9858179980432445
SIG-00024,0.048479981632051194
SIG-00044,0.01463418245807742
SIG-00244,0.938561695790622
SIG-00738,0.0014850214563085337
SIG-01136,0.004587671088345448
SIG-00368,0.017610361359581408
SIG-00164,0.004119523608667897
SIG-01116,0.9643968545705471
SIG-00333,0.9967385447873222
SIG-00989,0.015771266864281135
SIG-01173,0.0098280037958931
SIG-01002,0.017097503837838774
SIG-00378,0.0010734059650915843
SIG-00310,0.0022507692743980096
SIG-00156,0.013854569042775131
SIG-00211,0.028296814405133326
SIG-00087,0.0025598706408100132
SIG-00169,0.012244379490279796
SIG-00995,0.9520153334757183
SIG-00052,0.013719706676897649
SIG-00439,0.000550434003787565
SIG-00550,0.9464016250887586
SIG-00491,0.9936480677244547
SIG-00426,0.0028815525368940395
SIG-00136,0.04098250799237088
SIG-01192,0.012757836566687605
SIG-00055,0.9952792441536294
SIG-00079,0.954629123419203
SIG-00431,0.013542279350194536
SIG-00185,0.0049744487879715155
SIG-00057,0.01596851902248726
SIG-00943,0.9842150521336908
SIG-00851,0.008924792392324287
SIG-01164,0.94555021083752
SIG-00219,0.02045793818282955
SIG-00845,0.01547467691117237
SIG-00114,0.004655391228219256
SIG-00549,0.003499734969632377
SIG-01019,0.9737147693916496
SIG-01073,0.0005055186962004044
SIG-00175,0.016056276877069658
SIG-01023,0.9995428880596726
SIG-00616,0.01703839510658015
SIG-00514,0.010366681516543335
SIG-00462,0.00635637535078178
SIG-00287,0.00704650468783143
SIG-00382,0.02236249563796184
SIG-01008,0.9386074876749465
SIG-00671,0.9990945271706803
SIG-00535,0.01916364087667644
SIG-00910,0.9993549688117624
SIG-00293,0.0009495066409277326
SIG-00124,0.011794861257816444
SIG-00583,0.0038822661688741674
SIG-00141,0.00037489772016303317
SIG-00736,0.008028793051781329
SIG-00082,0.005378197890332411
SIG-00882,0.005886755421877628
SIG-00740,0.015153517233706696
SIG-01102,0.0006523803749853645
SIG-00909,0.9867559329766147
SIG-01167,0.004801892674808258
SIG-00937,0.016282276936120117
SIG-00372,0.9776493008453266
SIG-00890,0.003019766876452079
SIG-00157,0.9953576516693454
SIG-00992,0.005313302360034199
SIG-00622,0.003487428838568841
SIG-01038,0.0053950919905191375
SIG-00245,0.004703614699980382
SIG-00159,0.0034509852682637876
SIG-00746,0.9453479063765362
SIG-00193,0.004566999873760395
SIG-00534,0.005668035344345835
SIG-00904,0.00047868410303073867
SIG-01004,0.008240418730384431
SIG-01070,0.9869961689988859
SIG-00414,0.033112140627041715
SIG-01187,0.014360977882107695
SIG-00328,0.028711290656315207
SIG-00129,0.010033688971209358
SIG-00695,0.9980828842026681
SIG-00631,0.9691248483687553
SIG-00275,0.007769903963616258
SIG-01148,0.00787364414829365
SIG-00309,0.001082731337066095
SIG-00234,0.013520492358949412
SIG-01048,0.9997347828703148
SIG-00623,0.96146631907657
SIG-00644,0.002719788855740707
SIG-00479,0.9665168021775629
SIG-00472,0.002747171615903858
SIG-00926,0.008461056665382228
SIG-01098,0.0005764594018208086
SIG-00627,0.0060353883990789505
SIG-00395,0.010637135612225146
SIG-00637,0.9903898055032878
SIG-00768,0.02060833676541869
SIG-00533,0.0057627478702601586
SIG-00718,0.004078655089485097
SIG-00667,0.006937177161096999
SIG-00598,0.00173363626236696
SIG-00482,0.9977503778655317
SIG-01103,0.9919065759482012
SIG-00315,0.002932052161917022
SIG-00729,0.9849826768349751
SIG-00210,0.0022762175520129025
SIG-00934,0.0017016470848628467
SIG-00434,0.004373769669732069
SIG-00329,0.014370865830380171
SIG-00261,0.9908604856537084
SIG-01117,0.970546117412453
SIG-00307,0.01691558945970896
SIG-01067,0.9736649443419783
SIG-00928,0.035383239369147265
SIG-01025,0.008406279455430876
SIG-00271,0.01002644762851884
SIG-00291,0.9926380891298551
SIG-00813,0.9556265950952493
SIG-00097,0.017564451069332306
SIG-00888,0.9806578123930979
SIG-00819,0.016025628374537745
SIG-00032,0.03280767167390832
SIG-00763,0.006068694215672055
SIG-00954,0.0019580242089487355
SIG-00320,0.003836961974495666
SIG-00299,0.006156586124362934
SIG-00200,0.006387391898696911
SIG-00561,0.012934994514964604
SIG-00179,0.009782359994753815
SIG-01132,0.0019326568134094876
SIG-00089,0.0028418307316956572
SIG-00788,0.012078446426137791
SIG-00725,0.014649523063927613
SIG-00827,0.024964947963362193
SIG-00209,0.0034153705724032477
SIG-01040,0.008337273104728364
SIG-00297,0.0030680095666826236
SIG-00998,0.9842766359707229
SIG-00498,0.0009416096637181705
SIG-00835,0.02847089155627921
SIG-00430,0.017653421793382276
SIG-00507,0.012688030451902834
SIG-00831,0.004316123837391598
SIG-00694,0.007673901881280618
SIG-00011,0.016480827629386643
SIG-00848,0.9957756562208498
SIG-00463,0.014784990535529067
SIG-00199,0.9850116819390398
SIG-00060,0.019845981109120236
SIG-00907,0.9524431268336329
SIG-00997,0.008254653649214641
SIG-00276,0.0037815028593086194
SIG-00809,0.002803963958540688
SIG-00908,0.9902981896387291
SIG-00658,0.0009253174162537904
SIG-00957,0.0026733762665460295
SIG-00886,0.00492032614753657
SIG-00221,0.0006030972327758022
SIG-00789,0.003055265027002102
SIG-00712,0.9964341428250676
SIG-00714,0.9866891281800271
SIG-01113,0.006069441422305725
SIG-01191,0.9983526921977378
SIG-00790,0.996159802141091
SIG-00416,0.0032939763500430363
SIG-00899,0.995244592669315
SIG-00935,0.9855299386675288
SIG-00266,0.02648535678165279
SIG-00632,0.013908156839281685
SIG-00248,0.003249092867850482
SIG-00683,0.0037484758840074903
SIG-00559,0.0224704058182318
SIG-01137,0.008254977803788331
SIG-00968,0.020889775881338474
SIG-01005,0.007828075018634419
SIG-00985,0.0038709008046222625
SIG-00295,0.011525430481047655
SIG-00520,0.9981688232824755
SIG-00771,0.9957659012327896
SIG-00084,0.9959107865857371
SIG-00232,0.007568181143892502
SIG-00621,0.0035405600199932947
SIG-00334,0.011520326083284804
SIG-00130,0.9509557028851366
SIG-01012,0.010063801303238267
SIG-00645,0.010654258081950188
SIG-00974,0.9430395569788063
SIG-00383,0.9583126892607857
SIG-00868,0.00331976413412093
SIG-00543,0.9559497530762273
SIG-01194,0.9937320087562896
SIG-00875,0.0054877675231029335
SIG-00332,0.014789311224215838
SIG-00410,0.9587807135722011
SIG-00077,0.008683938981491222
SIG-00869,0.014933109718233417
SIG-00139,0.0055812164653080915
SIG-00544,0.02842684236035031
SIG-00674,0.0034424694793915088
SIG-00921,0.9996210512738333
SIG-00064,0.9799124908604282
SIG-00142,0.9834516996261691
SIG-00717,0.0011306912734010738
SIG-00377,0.9571819005803993
SIG-00364,0.014256194190072279
SIG-00140,0.9902598204222103
SIG-00885,0.03418030695280975
SIG-01042,0.010483448246429957
SIG-00225,0.04219391674427066
SIG-00515,0.010583988675359559
SIG-00267,0.004008368046125137
SIG-01170,0.015664635001431233
SIG-00487,0.9898426210066307
SIG-00353,0.9914632880897157
SIG-01006,0.00986874002952598
SIG-00618,0.9777929574449487
SIG-00668,0.007242281745076713
SIG-00775,0.9766588600747933
SIG-00554,0.9329792203072791
SIG-00576,0.014715552493671591
SIG-00915,0.009881160312648246
SIG-00466,0.006329644296587521
SIG-00591,0.994670574985699
SIG-00765,0.0005857473431644723
SIG-00635,0.9957943547684603
SIG-00838,0.013609048707572893
SIG-00290,0.9503833935321435
SIG-00040,0.020129920619148138
SIG-00031,0.006460822919105877
SIG-00243,0.018497357915807002
SIG-00429,0.9910759314968615
SIG-00137,0.9325591466318186
SIG-01101,0.01498812714021033
SIG-00865,0.006543922728283297
SIG-00004,0.9596417909132458
SIG-00833,0.9567689597703168
SIG-00603,0.9949575201481398
SIG-01034,0.9503004957665898
SIG-00655,0.9383856287923492
SIG-00844,0.9713869431848946
SIG-00784,0.009002315966755138
SIG-01074,0.020991905827630542
SIG-00443,0.9970009462077798
SIG-01178,0.9951079171541208
SIG-00436,0.03231966124015528
SIG-01169,0.0065687095588813135
SIG-00101,0.0246290477712874
SIG-00773,0.009008936202310778
SIG-00495,0.9435375221345663
SIG-01028,0.0012709496082355363
SIG-00807,0.9844034564279669
SIG-01142,0.9350057013386774
SIG-00846,0.0005468303726146554
SIG-00987,0.01441507701499814
SIG-00228,0.01012278897473252
SIG-01193,0.9521597513464194
SIG-00672,0.947822438242237
SIG-00859,0.004408114863988391
SIG-00925,0.02220594690810698
SIG-00067,0.969378145165815
SIG-00068,0.000764336641430511
SIG-00817,0.0029236282181428165
SIG-00212,0.012678275727849096
SIG-00013,0.004672030267537392
SIG-00494,0.9758180558655882
SIG-01165,0.04927618046931664
SIG-00300,0.9979084478863068
SIG-00411,0.9645367614941643
SIG-00757,0.9872931476764589
SIG-01075,0.002274620814911843
SIG-00696,0.02296051092265759
SIG-01151,0.9967891078381473
SIG-00724,0.969270567757804
SIG-01016,0.003214124185909302
SIG-00528,0.9992330072530055
SIG-00600,0.01614910313445359
SIG-01120,0.0027383453721514938
SIG-00567,0.0013311364421647529
SIG-00731,0.9655782096898319
SIG-00274,0.9620349905635824
SIG-00967,0.9914822402176804
SIG-00238,0.005289652049167184
SIG-00406,0.985407021893522
SIG-00003,0.9573160872980098
SIG-00007,0.9949980987919386
SIG-00312,0.9930180552961844
SIG-01091,0.002177967158362146
SIG-00452,0.007770274112421383
SIG-00722,0.006232567188048307
SIG-00216,0.956478941879657
SIG-01086,0.967413241008994
SIG-00028,0.003902774915122088
SIG-01158,0.04547909335929773
SIG-00362,0.9647603198235485
SIG-00823,0.9828114729672544
SIG-00781,0.004656308644811178
SIG-00629,0.014188604411757379
SIG-00454,0.9737442866148461
SIG-00739,0.9980806300189735
SIG-00536,0.017726394520959664
SIG-01050,0.025336766105623104
SIG-00399,0.008383585666527893
SIG-00257,0.9939518544314915
SIG-00292,0.003909972045503588
SIG-00026,0.0010262126494370014
SIG-00337,0.9688435749818896
SIG-00585,0.9827472170369875
SIG-00048,0.004870207345259127
SIG-00319,0.9858800742285709
SIG-00107,0.0010374244264741968
SIG-00799,0.012302620375468499
SIG-00056,0.007609932533577529
SIG-00523,0.9506904202129323
SIG-00214,0.9379689833158154
SIG-00121,0.007086074845585872
SIG-00918,0.01807409637170582
SIG-01068,0.9936436451771645
SIG-01118,0.04763372600316517
SIG-00073,0.9831837795783074
SIG-00948,0.01710983828151742
SIG-00747,0.0092093170554199
SIG-00716,0.0011389355105632757
SIG-00558,0.0019130631428383989
SIG-01082,0.99854818300782
SIG-01046,0.9926003586267992
SIG-00553,0.9972882467072562
SIG-00562,0.017785487418229495
SIG-00425,0.003476504743145131
SIG-01014,0.012222787791216314
SIG-00326,0.028593613302111687
SIG-00924,0.005383205872344859
SIG-00317,0.0023667503215518315
SIG-00804,0.008240956018923017
SIG-01163,0.014985683174524794
SIG-00529,0.010723136404022537
SIG-00837,0.0053651049483801625
SIG-00715,0.01904047242374159
SIG-00901,0.0026920658841126078
SIG-00061,0.9908405281450626
SIG-00723,0.0035102247555401905
SIG-00093,0.009931368666105068
SIG-00858,0.0032168529660884177
SIG-00619,0.026765930889692095
SIG-00352,0.006605877608088828
SIG-00933,0.01928731054886615
SIG-00281,0.013193619416005938
SIG-00421,0.036377161711855246
SIG-01115,0.013713209146210503
SIG-00360,0.04296343827025899
SIG-00423,0.9997103078959266
SIG-00679,0.0075753174875948116
SIG-00527,0.009832458770257601
SIG-00478,0.0011129782667808716
SIG-01095,0.01002124816780191
SIG-00183,0.9645413218880458
SIG-01092,0.0007561333829545651
SIG-00433,0.9369280650778397
SIG-00111,0.9656098627318516
SIG-00371,0.010576910822179313
SIG-00240,0.9784149775137965
SIG-00709,0.007909633839116748
SIG-00630,0.0034558635482387543
SIG-00594,0.009822328316870143
SIG-00486,0.015147527897580483
SIG-00701,0.013047375605912232
SIG-00262,0.00439840450972304
SIG-00480,0.9959826930311559
SIG-00650,0.008549678462724643
SIG-00340,0.0194364682391583
SIG-00669,0.0037207892591160315
SIG-00552,0.9830861802610341
SIG-00459,0.002489982680059321
SIG-00184,0.00799648108800818
SIG-00138,0.009974370034071032
SIG-01161,0.9932376396241562
SIG-00707,0.004467216002901775
SIG-00582,0.023568389967249852
SIG-00081,0.0031822087118421037
SIG-00769,0.056482381398358435
SIG-00870,0.011901920720669147
SIG-00762,0.9608779798724404
SIG-00030,0.006928210401558502
SIG-00542,0.9939773217080384
SIG-00166,0.0018613491609137424
SIG-00249,0.05811477739472473
SIG-00308,0.9747812111191431
SIG-00448,0.0024185735021467506
SIG-00347,0.04067839076250255
SIG-00335,0.9736325651989712
SIG-00286,0.009661518364234447
SIG-00950,0.010852040840097601
SIG-00098,0.010333439132651114
SIG-00468,0.94885479110623
SIG-01037,0.0008394967876168101
SIG-00913,0.9461274476959033
SIG-00756,0.9924912393333983
SIG-00945,0.004421394214028691
SIG-00614,0.990753184145675
SIG-00802,0.001857907720136094
SIG-00758,0.005791931785675655
SIG-00689,0.0035232972730934076
SIG-00066,0.02265224430935948
SIG-00794,0.9962148064377779
SIG-00744,0.004378431618333377
SIG-00568,0.9946008106252016
SIG-01084,0.9549741450387015
SIG-01099,0.9657577909630846
SIG-00303,0.9543451069402137
SIG-00255,0.004053901829648358
SIG-00959,0.003762658904653317
SIG-01024,0.0057715266947806956
SIG-00313,0.028644451525703104
SIG-00530,0.009434651566765848
SIG-00222,0.05418214828335427
SIG-00389,0.002840298488662086
SIG-00236,0.014901823823837772
SIG-00810,0.955827127335208
SIG-00483,0.009069487788143192
SIG-00713,0.011146025576218584
SIG-00306,0.009998449147920642
SIG-01111,0.9972294552112415
SIG-01090,0.9814821592880586
SIG-00772,0.007018665342396285
SIG-00917,0.023718692213666483
SIG-01139,0.9966877943642023
SIG-00250,0.9740308570186481
SIG-00760,0.9940140344981532
SIG-00595,0.0024289270280596982
SIG-00072,0.9821944882619402
SIG-00095,0.000906246774414955
SIG-00546,0.9978254084649921
SIG-00034,0.9921208493172168
SIG-00862,0.012154426831379551
SIG-00579,0.017036419860437385
SIG-00449,0.002358416060066831
SIG-00446,0.02998431803840649
SIG-00260,0.9757043046592061
SIG-00205,0.0131031801383354
SIG-00573,0.05080202479355716
SIG-00824,0.0012980131484403906
SIG-00586,0.00164278783691636
SIG-00366,0.003955188182585898
SIG-00812,0.9884438665821155
SIG-00078,0.039107879382534474
SIG-00085,0.9950951454958524
SIG-00539,0.956353945306311
SIG-00083,0.008272840146914153
SIG-00458,0.9701458719543543
SIG-01138,0.9492908490771608
SIG-00615,0.003121440221244586
SIG-01186,0.01625039044029888
SIG-01076,0.006741729228198977
SIG-00737,0.003400383168327916
SIG-00437,0.003339879291525712
SIG-00555,0.9921282778436757
SIG-01080,0.03104594024927207
SIG-01062,0.002788564998180509
SIG-00351,0.03931420097645972
SIG-00197,0.011264412493264406
SIG-00465,0.9919864185533736
SIG-00589,0.003378030143210046
SIG-00006,0.001892384014159682
SIG-00311,0.05085441643579278
SIG-00662,0.9969102943891184
SIG-00405,0.017089118839872523
SIG-01196,0.9389010490145318
SIG-01044,0.9761104632354417
SIG-01058,0.9441433844343423
SIG-00105,0.01752872774542815
SIG-00537,0.007943540064381227
SIG-00606,0.0030409764644657895
SIG-00063,0.008361960463476049
SIG-00282,0.0024528613559909635
SIG-01056,0.0009153362244808402
SIG-00239,0.9528762600720949
SIG-00224,0.9602984546022407
SIG-00146,0.9931530713844089
SIG-01119,0.004915144655757125
SIG-00374,0.9946464255273059
SIG-00119,0.013018379768436119
SIG-00803,0.00689022514486547
SIG-00251,0.963932565633872
SIG-01157,0.9845530005096127
SIG-00010,0.998668526999045
SIG-00450,0.031132512697581497
SIG-00874,0.992020241435066
SIG-00390,0.010885875871874914
SIG-00966,0.9636827424282635
SIG-00461,0.9482944055214082
SIG-01147,0.9593099944891451
SIG-00145,0.9373625665022876
SIG-00502,0.0034014647552443795
SIG-01108,0.9993103885875225
SIG-00540,0.00292926063607183
SIG-00178,0.004630908951101998
SIG-01159,0.9691273743668578
SIG-01051,0.022363536062249733
SIG-00584,0.005878578658947331
SIG-01195,0.002031764777929526
SIG-00008,0.044619272795818385
SIG-00574,0.9559098319586206
SIG-00843,0.9875083296843817
SIG-00358,0.9486564756793342
SIG-00330,0.012665848981176215
SIG-00705,0.9882659994545951
SIG-00830,0.9782965719330032
SIG-00259,0.993660036916281
SIG-00891,0.0028489026317657347
SIG-00834,0.0016689824215212925
SIG-01188,0.003375574413971886
SIG-00905,0.9844699845158408
SIG-00526,0.004183946231892059
SIG-00814,0.9785154113976566
SIG-00732,0.9698115029355084
SIG-01032,0.9564927486006903
SIG-01141,0.005928411490254148
SIG-00441,0.003565247343846401
SIG-00532,0.9928638626954632
SIG-00960,0.0027122195091441965
SIG-00229,0.9586688936731028
SIG-01041,0.001212011400100861
SIG-00213,0.008174408205082135
SIG-00080,0.0010875814249728473
SIG-00149,0.029673600491867524
SIG-00592,0.0014388027867296514
SIG-00708,0.9985727234233293
SIG-00590,0.00368988807156124
SIG-00134,0.9936698010088357
SIG-00782,0.010537796089984806
SIG-00409,0.014701597467870727
SIG-00970,0.006375264848609126
SIG-00508,0.9862713110077405
SIG-00877,0.0016888053169833044
SIG-00505,0.03584395778876298
SIG-00719,0.9726401124704901
SIG-00348,0.0029914473634594617
SIG-00387,0.002532646379086651
SIG-00001,0.9834267833806515
SIG-00361,0.028728307354882777
SIG-01134,0.9954362592620529
SIG-00476,0.0013494711999253227
SIG-00778,0.031193102715441026
SIG-00754,0.009616535439776515
SIG-00173,0.007154887316270311
SIG-00451,0.997400085845854
SIG-00126,0.007448789185085912
SIG-00931,0.007227187548936313
SIG-00531,0.003209303227293459
SIG-00091,0.005724613105409822
SIG-01162,0.0033810247481203897
SIG-00182,0.009284013277347122
SIG-01027,0.003310455785296848
SIG-01000,0.0042201657584252025
SIG-00252,0.011366517506147528
SIG-00070,0.9655832526774838
SIG-00132,0.015677138776444985
SIG-00301,0.003253777564334177
SIG-01133,0.9858571745010634
SIG-00327,0.003447408266664615
SIG-01020,0.007069197584336317
SIG-00500,0.931518934018226
SIG-00666,0.9933973704722917
SIG-00919,0.010041666227960672
SIG-00496,0.9855950040190161
SIG-00339,0.001119148884352582
SIG-00964,0.006708528444291705
SIG-00165,0.9936896185553835
SIG-00029,0.022934265757209513
SIG-00517,0.0008327096456090888
SIG-00194,0.04235026693692665
SIG-01104,0.9843414637604044
SIG-00170,0.9940868234753685
SIG-01059,0.9531247689014243
SIG-00174,0.9941290420389833
SIG-00519,0.9622259199166594
SIG-00969,0.011509353698819152
SIG-00702,0.01831248948304886
SIG-00492,0.007893987743140063
SIG-00074,0.9970349640624762
SIG-00981,0.005087458746122229
SIG-00588,0.009967752070585917
SIG-00235,0.004767867445894841
SIG-00215,0.005389791840195091
SIG-00947,0.011241445752738041
SIG-00133,0.05231696444794386
SIG-01156,0.9712134846506283
SIG-00733,0.9996285514176252
SIG-00941,0.024296193151626795
SIG-00186,0.9844738014961646
SIG-00042,0.03889345296581348
SIG-00109,0.010533813384233755
SIG-00849,0.0015849743858815206
SIG-00569,0.9667533620352663
SIG-00651,0.9967432208960175
SIG-01001,0.9852578135858184
SIG-01166,0.9569549888772833
SIG-00484,0.004862167834779688
SIG-00469,0.022624670282414747
SIG-00025,0.03132245453569621
SIG-00661,0.0010228153011633365
SIG-00680,0.006110424036799865
SIG-00753,0.01244818669106441
SIG-00994,0.0316389724104891
SIG-00367,0.01842229456067541
SIG-00840,0.011021146566912459
SIG-01053,0.010006384469657615
SIG-00384,0.03390615263573872
SIG-00455,0.0070957164591258556
SIG-00265,0.938945176171167
SIG-00761,0.9833451249970788
SIG-00980,0.014345482181257243
SIG-00445,0.0014218342295603695
SIG-00396,0.9976642802122265
SIG-00742,0.9930231912311641
SIG-00177,0.0017263749735175003
SIG-00019,0.9859813943259054
SIG-00949,0.9879334624360694
SIG-00815,0.014364128042954684
SIG-00596,0.9903520397094597
SIG-00062,0.040847356789865646
SIG-00273,0.0025083899200758443
SIG-01126,0.9944761911940726
SIG-00279,0.03950884979308361
SIG-00842,0.006801169957408214
SIG-00369,0.9972303250248128
SIG-00887,0.007589989240879203
SIG-01015,0.9630225522040785
SIG-00860,0.9876221398358346
SIG-00721,0.0035815164291310452
SIG-00826,0.9592507153194282
SIG-00548,0.007578101267731193
SIG-00880,0.9959286324621237
SIG-00900,0.003138267346299693
SIG-00457,0.013224629713370574
SIG-00394,0.004289130599244977
SIG-00676,0.001605694260629734
SIG-00912,0.9876874094464015
SIG-00965,0.007425042039276953
SIG-00376,0.0018036478857387276
SIG-00413,0.001545349820720933
SIG-00075,0.9464858510714182
SIG-01122,0.9980564172518999
SIG-00863,0.9702322670455111
SIG-00501,0.0005862464781441856
SIG-00942,0.9707297965523947
SIG-00617,0.0026736113283177877
SIG-00115,0.0016709885893410566
SIG-00418,0.9961214504584835
SIG-00602,0.0009129136086054897
SIG-00605,0.967912281677093
SIG-00090,0.0033228993560958145
SIG-01149,0.9980420124419774
SIG-00499,0.9965717849331296
SIG-00876,0.9991028833955609
SIG-00927,0.012995408955790325
SIG-00999,0.0027271140893234203
SIG-00012,0.037278895489535606
SIG-00397,0.016874755016428385
SIG-00755,0.024074463342620856
SIG-00556,0.009179011940465083
SIG-00043,0.9968469251595328
SIG-00168,0.007598592112731928
SIG-00417,0.974332539669864
SIG-00577,0.9925855554755927
SIG-00268,0.010364132377530363
SIG-00808,0.009447716387490725
SIG-00427,0.009657074317952213
SIG-00691,0.008053462475524572
SIG-00545,0.005168469999065151
SIG-01123,0.03052121556068827
SIG-00675,0.9358300828789098
SIG-00690,0.004784425643086215
SIG-01055,0.006015069752962766
SIG-01177,0.008694198177825248
SIG-01033,0.031963208429712044
SIG-01035,0.0076356534408553054
SIG-00258,0.976796783641436
SIG-00336,0.9475307819885023
SIG-00016,0.0012484764027050055
SIG-00902,0.010122514412555851
SIG-00325,0.029301303156295165
SIG-00608,0.9739666182909592
SIG-01054,0.026635241195535113
SIG-00791,0.021199349639932877
SIG-00223,0.9595130177610048
SIG-00180,0.002528733041662692
SIG-00100,0.017682646414183465
SIG-00522,0.9934194501760231
SIG-00023,0.0021294975058005986
SIG-00357,0.994285156734988
SIG-00734,0.9847703598912237
SIG-01094,0.010991156794878854
SIG-01112,0.029710167488082605
SIG-00612,0.012227869675559704
SIG-01010,0.9904303581445828
SIG-00341,0.002595896157266548
SIG-00432,0.025069394734910756
SIG-00962,0.997311432389304
SIG-00218,0.007959279883122205
SIG-00204,0.9813545501209023
SIG-00906,0.002642267377610728
SIG-00923,0.008719893073298209
SIG-00094,0.03505561111015534
SIG-00911,0.9994596545938517
SIG-00069,0.003850448511327103
SIG-00895,0.0077417441874384355
SIG-00285,0.9684815605807563
SIG-00697,0.9471463363138545
SIG-00086,0.0015004116597713984
SIG-00435,0.9438724743737926
SIG-00797,0.9879652808203858
SIG-00154,0.008388375366083606
SIG-00076,0.01917487810731675
SIG-01043,0.020520749711624122
SIG-00581,0.9828649455372497
SIG-00447,0.0007525318401725398
SIG-00704,0.017396067482996037
SIG-00189,0.0013283537323031996
SIG-00272,0.9974384404988611
SIG-00237,0.9967771774341824
SIG-00488,0.911723487742103
SIG-01160,0.027715025329407277
SIG-00560,0.04710450828078427
SIG-00118,0.0022841305635454816
SIG-00638,0.9505366830907191
SIG-01128,0.9545835901107751
SIG-00751,0.0008341042712891044
SIG-00513,0.016318315269186177
SIG-00634,0.014514346234829917
SIG-00786,0.03159327195250632
SIG-01007,0.002624499405912878
SIG-00853,0.9999455170426527
SIG-00127,0.031493834314283986
SIG-00117,0.015403133175614876
SIG-00474,0.9901962999106823
SIG-00741,0.0013844493302564377
SIG-00993,0.970926499169744
SIG-00058,0.990068720477211
SIG-00604,0.014564558716736006
SIG-00787,0.018747300589113797
SIG-00971,0.99288666953281
SIG-00657,0.9918627768185484
SIG-00903,0.032606249046081164
SIG-00922,0.004025635754866657
SIG-00106,0.9796945056750009
SIG-00636,0.998515406114955
SIG-00370,0.9982641217120116
SIG-00269,0.028870265020840943
SIG-00656,0.9583167310147978
SIG-00047,0.0202576346292227
SIG-00350,0.021515119178155444
SIG-00774,0.006389239128227523
SIG-00196,0.021809879468079222
SIG-00103,0.019637190686926907
SIG-00005,0.003511696452575442
SIG-00620,0.00921801937366498
SIG-00991,0.004543239516471656
SIG-00053,0.009308696784180436
SIG-00264,0.9364452388893525
SIG-01093,0.9824347236010839
SIG-00444,0.9889363857426482
SIG-00972,0.9889223307758829
SIG-00783,0.007584122496337477
SIG-00847,0.013506797637221422
SIG-00692,0.98001764045536
SIG-00305,0.004722927631988636
SIG-00342,0.0034143213843515745
SIG-00867,0.014840924895946636
SIG-00314,0.0034570753584993188
SIG-00150,0.8872393089623748
SIG-00125,0.02104697538911942
SIG-01063,0.049876187084277386
SIG-00575,0.9976797106105176
SIG-00698,0.0075933293869029335
SIG-00665,0.011647041986983025
SIG-00051,0.9819754406294068
SIG-00727,0.012343081639727443
SIG-00800,0.01050721241130052
SIG-00354,0.011270021135903363
SIG-01153,0.006322044492734296
SIG-00143,0.00429289412102584
SIG-00471,0.005342463706911587
SIG-00654,0.9830268225725094
SIG-00400,0.9640640716492649
SIG-01154,0.002793086682847079
SIG-00938,0.004072159759588743
SIG-00321,0.029372527155188583
SIG-00020,0.9968981713151964
SIG-00685,0.003869259947795079
SIG-00036,0.996142120297273
SIG-00825,0.9974462090590515
SIG-00506,0.010124392646646514
SIG-00828,0.002655856644870604
SIG-01071,0.0021495400487134345
SIG-00408,0.015499874679728378
SIG-00818,0.9945284618065678
SIG-00538,0.017966971667140993
SIG-00759,0.001524229490995287
SIG-01069,0.006070592943575072
SIG-00893,0.9875774206215312
SIG-00039,0.028461153420322207
SIG-00176,0.07156349526453247
SIG-00246,0.9836850357400722
SIG-00811,0.9973153761181444
SIG-01085,0.009869362828425883
SIG-01078,0.003559906795001837
SIG-00785,0.9986473787254392
SIG-01185,0.9383960715671942
SIG-00490,0.9914245998750004
SIG-00155,0.014754309408380064
SIG-00639,0.9843035922390777
SIG-00663,0.013674237100325547
SIG-00854,0.9746753284968003
SIG-00288,0.9803829357093042
SIG-00626,0.9480951604466531
SIG-01200,0.9933021403202946
SIG-00686,0.03945878974775462
SIG-00873,0.023919850474026037
SIG-00570,0.9881129071388374
SIG-01144,0.9688177553015134
SIG-00735,0.015146645759281983
SIG-00793,0.0042000895057738895
SIG-00018,0.09200565046974196
SIG-00128,0.0026951716000189335
SIG-00323,0.0018558950511678109
SIG-00256,0.9949656404888958
SIG-00944,0.004944176622841896
SIG-01180,0.0009444163641373838
SIG-00191,0.03506475492531795
SIG-00116,0.015295906100995835
SIG-01174,0.0024536294143034532
SIG-00889,0.014174804815160353
SIG-00607,0.9882683941463165
SIG-00181,0.9789691173125428
SIG-00302,0.9702292129202919
SIG-00497,0.023415108066414354
SIG-00349,0.0043705340107187745
SIG-01036,0.007351682112333217
SIG-00983,0.020553369704451235
SIG-00745,0.9652790675243862
SIG-01152,0.007674281451421493
SIG-00518,0.990369519180119
SIG-00373,0.9496652877879005
SIG-00046,0.008804583249174618
SIG-00477,0.9983655053424446
SIG-00158,0.013891698913444205
SIG-01047,0.004199984216497797
SIG-00172,0.9837904550555411
SIG-00017,0.9828668732656506
SIG-00512,0.01775559986501261
SIG-00049,0.9986655208245768
SIG-00192,0.002341081583375046
SIG-00547,0.0011635399120073
SIG-00516,0.9557071929347429
SIG-00978,0.007865644456834547
SIG-00939,0.9905083109312325
SIG-00829,0.003884294738877119
SIG-00984,0.013144506484281423
SIG-00481,0.007933870184939159
SIG-01129,0.0018474435212647634
SIG-00284,0.037933416587609715
SIG-01030,0.010856793287767237
SIG-00798,0.921960455405112
SIG-00940,0.014562462179465123
SIG-00226,0.011681488694011826
SIG-00027,0.9147898477336139
SIG-00283,0.01587277844802963
SIG-01150,0.986689312014513
SIG-00438,0.9984207354320376
SIG-01168,0.006551998740574153
SIG-00365,0.0087488627039738
SIG-00230,0.007473808804238468
SIG-00038,0.008667425861308113
SIG-00670,0.001136866516485075
SIG-00750,0.01760135189183363
SIG-01181,0.9741493823087443
SIG-00375,0.006011173390692839
SIG-00470,0.002169230349459654
SIG-00883,0.9958905676571185
SIG-01182,0.006581316793952332
SIG-00688,0.004386671103376183
SIG-00033,0.017724013942870976
SIG-01011,0.00027390856394011857
SIG-01176,0.016059405570241606
SIG-00195,0.9460624225592599
SIG-01106,0.9831032251533887
SIG-01114,0.0017663834626390886
SIG-01064,0.009238390297234885
SIG-00504,0.9955089453754625
SIG-00916,0.9976430827025289
SIG-00977,0.995085309928634
SIG-01183,0.9951369847926523
SIG-01088,0.0040078678869450365
SIG-00801,0.9941291266482642
SIG-00580,0.00445950737550731
SIG-00161,0.0004401599722912831
SIG-00681,0.00732390759796204
SIG-01198,0.03262955800645945
SIG-00163,0.033062849543941314
SIG-00822,0.02179187718073399
SIG-00706,0.9989029234310719
SIG-01009,0.03171554885377482
SIG-00878,0.9909477338474051
SIG-00896,0.9936330708281026
SIG-00914,0.010118151325336834
SIG-01199,0.9764065471133103
SIG-00153,0.004426522590509566
SIG-00979,0.9830740611035498
SIG-01003,0.0045041564794153985
SIG-00510,0.9960638909049189
SIG-00112,0.9979472589786992
SIG-00227,0.00338275788028381
SIG-00986,0.9962328318322421
SIG-00852,0.011895460910234409
SIG-00104,0.0008340597169923522
SIG-00422,0.015770031234908142
SIG-00420,0.008311253707589754
SIG-00625,0.0030136116192267842
SIG-00587,0.9575057957536245
SIG-01061,0.0027067096389174292
SIG-00920,0.9992575398105168
SIG-00673,0.008172666529528794
SIG-00120,0.010675176404156859
SIG-00054,0.04730759774188189
SIG-00152,0.967332861432479
SIG-00404,0.01419098470943483
SIG-01189,0.0196754677118069
SIG-00208,0.01151448371838132
SIG-01135,0.01709831067179057
SIG-00659,0.9580565345875185
SIG-01097,0.025010505249402876
SIG-00233,0.984124230575288
SIG-00009,0.0014984733489355308
SIG-00160,0.9720185706475994
SIG-00037,0.008772261491668707
SIG-00453,0.004964146905998237
SIG-00652,0.9885829629341866
SIG-00254,0.0015939612198406117
SIG-00304,0.004736154448821429
SIG-00897,0.9978002396772434
SIG-01049,0.006928486603554968
SIG-00881,0.9802865833656993
SIG-00572,0.011483527294415057
SIG-00624,0.9969095447925472
SIG-01145,0.9901039977523881
SIG-01031,0.05044071419719209
SIG-01146,0.018143577462233655
SIG-00263,0.013089497426885189
SIG-00611,0.0014739071778946259
SIG-00298,0.9565466550674034
SIG-00990,0.9881835440604253
SIG-00415,0.006913845676301099
SIG-00151,0.029782471043736485
SIG-00946,0.003552626899300396
SIG-00473,0.011656727620203011
SIG-00953,0.016678409156943314
SIG-00988,0.9601863111867021
SIG-00779,0.8875853528622336
SIG-00641,0.9504321595121149
SIG-01190,0.9923644353990437
SIG-01143,0.004562642367036306
SIG-00551,0.02546818090723342
SIG-00640,0.002044409003907402
SIG-00936,0.00484341738437742
SIG-00929,0.0011412009688716734
SIG-00489,0.02105202859068585
SIG-00820,0.005854678490499435
SIG-00711,0.9885705886009167
SIG-01081,0.9970738726707248
SIG-00148,0.007153379275984328
SIG-00147,0.00041883776696325243
SIG-01175,0.9938704674964667
SIG-00963,0.01164105595967173
SIG-00346,0.004089859655255341
SIG-00403,0.9363444006422771
SIG-00932,0.024457745436849993
SIG-00955,0.008674011947691735
SIG-01125,0.003213393120002986
SIG-00660,0.9768938960750858
SIG-00464,0.0014202442105031015
SIG-00187,0.9371588096265979
SIG-00609,0.011862560819296373
SIG-00144,0.002484197750405065
SIG-00752,0.02713504768549482
SIG-00982,0.005579800863556746
SIG-00198,0.9994461227770284
SIG-00884,0.9822684217593683
SIG-00280,0.010495790907382261
SIG-00294,0.03865385430633033
SIG-01089,0.004676785128229261
SIG-00401,0.0073959042240852625
SIG-00123,0.016057815318219728
SIG-00203,0.0009338219568201149
SIG-00836,0.005494178596517032
SIG-00247,0.013939818344015514
SIG-01140,0.002421266981093183
SIG-00385,0.006962264229221503
SIG-00855,0.003662818974433557
SIG-00220,0.9585773113570526
SIG-00642,0.005438080484812948
SIG-00002,0.04623650278750825
SIG-00113,0.9959497115316102
SIG-00699,0.03175815609879784
SIG-00952,0.0008897351458119892
SIG-01079,0.9525528401475359
SIG-00442,0.057670153993234774
SIG-00664,0.9390326212491348
SIG-01197,0.999556163120262
SIG-00318,0.01350694929689476
SIG-00649,0.9963699145320025
SIG-00710,0.008443825464993124
SIG-00973,0.048511797333858596
SIG-00628,0.015990519492652806
SIG-00633,0.006647914712808304
SIG-01172,0.0031872847877844517
SIG-01107,0.005348363923739092
SIG-00796,0.010406152400080413
SIG-00646,0.013885940094459925
SIG-01013,0.02573114940807362
SIG-00557,0.010580295309380714
SIG-00682,0.9875533242611025
SIG-00578,0.009499551501900372
SIG-00525,0.0016387645857383942
SIG-01060,0.0014971519391463902
SIG-00541,0.9612571505345643
SIG-00749,0.9696072585146187
SIG-01110,0.0031244366625480776
SIG-00485,0.011066505801113541
SIG-00096,0.9672786293959877
SIG-01021,0.9808934357918023
SIG-00564,0.9665260094208978
SIG-00743,0.005467470380822162
SIG-00864,0.04362919216155098
SIG-00892,0.9958833187095196
SIG-01039,0.9962224537135117
SIG-00207,0.06160709164640864
SIG-00393,0.0016311757870016881
SIG-00795,0.009031527017686754
SIG-00871,0.9644489450530709
SIG-00398,0.9681696227097656
SIG-00767,0.006239657714706439
SIG-01100,0.013550606774624203
SIG-01029,0.01232941441726611
SIG-00643,0.007164755183545503
SIG-00613,0.003404014684476446
SIG-00961,0.9983458202463772
SIG-00726,0.011674325129800607
SIG-00684,0.9861634346150943
SIG-00099,0.004042045168525474
SIG-00805,0.026464076759744583
SIG-00407,0.005381981237080379
SIG-00503,0.0014836576277457772
SIG-01072,0.0015655074801502896
SIG-01057,0.013609685645304383
SIG-00930,0.008086298083469797
SIG-00780,0.003074346731747805
SIG-00201,0.9873386701425293
SIG-00135,0.0107665507005886
SIG-01052,0.054391222256753705
SIG-00041,0.030765128772782188
SIG-01018,0.9730050673676677
SIG-00231,0.9948521282300714
SIG-00379,0.002989978232756787
SIG-00289,0.011952561422673156
SIG-00419,0.005052659338890886
SIG-00392,0.006927539533254318
SIG-00593,0.012439196323180718
SIG-01087,0.011104954249374492
SIG-00648,0.018063415157773422
SIG-00521,0.001162432150432602
SIG-00065,0.003664063969830615
SIG-00015,0.0133155299349376
SIG-01065,0.9477232926363767
SIG-00493,0.0356880472611069
SIG-00380,0.9514623341307441
SIG-00188,0.00474221352141067
SIG-00764,0.0033094282867302143
SIG-00217,0.9701254640415448
SIG-00792,0.9869410552890041
SIG-01077,0.00980897836387196
SIG-00879,0.020685449511928022
SIG-00338,0.0034594802040587474
SIG-00720,0.0017329159136787579
SIG-00296,0.9774380794601619
SIG-01017,0.0014913119348863987
SIG-00456,0.9759073867670148
SIG-00816,0.9984659365026989
SIG-00270,0.01130897120826333
SIG-00996,0.003605841328363705
SIG-00202,0.0009923947604988563
SIG-00162,0.9894480968147861
SIG-00730,0.030075286493520405
SIG-00402,0.0037757730920880885
SIG-00703,0.9776270469428764
SIG-01130,0.9913981163587291
SIG-00566,0.00853869488188908
SIG-01022,0.007740437504179458
SIG-01026,0.9879843518361278
SIG-01105,0.9666378041991418
SIG-00206,0.002613279961040353
SIG-00035,0.0023183415942469783
SIG-00776,0.99951389229077
SIG-00509,0.00258594609668263
SIG-01184,0.023198233026484626
SIG-00092,0.9874912461578137
SIG-00898,0.0036344984864244384
SIG-00565,0.9609361513720491
SIG-00777,0.007121938891184505
SIG-00242,0.012154725326872975
SIG-00014,0.018633641060559078
SIG-00316,0.04415563123408693
SIG-00601,0.0026490983549668327
SIG-00388,0.027707720681429803
SIG-00167,0.028812928049885347
SIG-00841,0.9714070927349429
SIG-00021,0.0354643851426353
SIG-00647,0.013489789871391333
SIG-01155,0.006828897776296578
SIG-00832,0.008050171874554202
SIG-00563,0.005409377749334712
SIG-01171,0.00758153091723278
SIG-00687,0.9477388911245145
SIG-00958,0.005228802136561069
SIG-00190,0.006325843072056329
SIG-00976,0.9958974714887799
SIG-00700,0.991099448069686
SIG-00511,0.002570244153218775
SIG-01083,0.01066943829484718
SIG-00475,0.9747196298773727
SIG-00857,0.014325773225849053
SIG-00748,0.01664297413311698
SIG-00253,0.008539739247315182
SIG-00022,0.9672436537396073
SIG-00460,0.9911621115150266
SIG-00277,0.006301055813205173
SIG-00956,0.012069570130431985
SIG-00386,0.0002934791997512633
SIG-00806,0.015503283934155144
SIG-00344,0.005690667334626371
SIG-00770,0.9967867557406668
SIG-00131,0.9861195244532021
SIG-00872,0.9713898616333895
SIG-01124,0.01241381217924098
SIG-00088,0.005916582268634291
SIG-00331,0.9848948312277487
SIG-00467,0.0017660169650326387
SIG-00122,0.0006173099775416426
SIG-01045,0.013865722898996822
SIG-01096,0.01507700155422555
SIG-01131,0.949134456271499
SIG-00861,0.0015665413779514443
SIG-01127,0.005880634490669783
