signal_id,signal_time,label,signal_type,channel
SIG-01179,2024-09-24 20:38:55,1,counterparty_risk,branch
SIG-00866,2024-09-14 06:47:19,0,structuring,branch
SIG-00102,2024-06-20 17:13:40,0,unusual_hours,web
SIG-00440,2024-09-11 14:33:02,0,counterparty_risk,atm
SIG-00059,2024-02-01 02:41:34,1,counterparty_risk,web
SIG-01121,2024-08-26 03:35:21,0,counterparty_risk,branch
SIG-00324,2024-10-01 19:30:44,1,device_change,api
SIG-00975,2024-11-26 16:10:18,1,structuring,web
SIG-00412,2024-08-31 13:35:32,0,structuring,branch
SIG-00856,2024-10-09 15:53:06,1,structuring,atm
SIG-00821,2024-09-21 22:33:44,0,velocity,api
SIG-00045,2024-03-14 22:44:56,0,velocity,mobile
SIG-00050,2024-01-30 06:38:17,0,device_change,atm
SIG-00850,2024-06-15 18:23:19,1,device_change,api
SIG-00241,2024-12-06 09:12:17,1,amount_spike,atm
SIG-00171,2024-08-23 11:17:24,1,structuring,atm
SIG-00524,2024-12-21 03:12:38,0,geo_anomaly,atm
SIG-00766,2024-03-05 14:23:11,0,device_change,api
SIG-00839,2024-12-04 10:20:13,1,amount_spike,api
SIG-00424,2024-01-20 15:04:14,1,amount_spike,api
SIG-00381,2024-11-03 09:06:28,0,velocity,mobile
SIG-00610,2024-05-22 01:26:17,0,amount_spike,web
SIG-00677,2024-06-05 05:29:50,0,velocity,atm
SIG-00345,2024-04-07 02:11:55,1,velocity,api
SIG-00110,2024-12-09 21:08:02,0,velocity,api
SIG-00278,2024-02-05 10:16:35,0,counterparty_risk,mobile
SIG-00678,2024-02-02 11:10:52,0,amount_spike,mobile
SIG-00571,2024-10-29 14:22:56,1,velocity,atm
SIG-00359,2024-08-11 07:49:50,0,geo_anomaly,web
SIG-00599,2024-02-03 08:13:29,1,velocity,web
SIG-00391,2024-01-29 18:12:54,0,device_change,web
SIG-00894,2024-01-30 01:47:40,0,counterparty_risk,api
SIG-00693,2024-05-28 17:37:38,1,geo_anomaly,web
SIG-00728,2024-11-10 03:22:30,1,amount_spike,mobile
SIG-00363,2024-07-01 13:58:35,0,velocity,api
SIG-00597,2024-06-28 20:03:42,1,counterparty_risk,atm
SIG-00428,2024-05-20 18:57:59,1,structuring,branch
SIG-00071,2024-02-14 19:52:23,1,velocity,atm
SIG-00322,2024-01-25 00:42:16,0,device_change,mobile
SIG-00653,2024-12-17 00:01:44,1,unusual_hours,web
SIG-01066,2024-10-17 19:12:40,1,counterparty_risk,branch
SIG-00108,2024-03-16 12:16:03,0,unusual_hours,api
SIG-01109,2024-07-03 22:05:01,0,device_change,atm
SIG-00356,2024-04-21 21:18:04,1,geo_anomaly,branch
SIG-00951,2024-08-26 08:06:31,0,structuring,web
SIG-00343,2024-06-20 02:39:55,0,device_change,branch
SIG-00355,2024-02-28 01:37:25,1,structuring,atm
SIG-00024,2024-02-12 14:00:14,0,geo_anomaly,web
SIG-00044,2024-08-11 18:40:54,0,device_change,web
SIG-00244,2024-10-19 21:12:04,1,geo_anomaly,api
SIG-00738,2024-01-11 02:55:28,0,amount_spike,atm
SIG-01136,2024-10-09 19:39:41,0,velocity,atm
SIG-00368,2024-03-11 18:57:14,0,counterparty_risk,web
SIG-00164,2024-10-01 23:12:38,0,structuring,web
SIG-01116,2024-12-24 02:29:12,1,device_change,api
SIG-00333,2024-07-16 11:27:22,1,amount_spike,mobile
SIG-00989,2024-02-24 08:54:36,0,structuring,web
SIG-01173,2024-05-24 08:40:37,0,device_change,api
SIG-01002,2024-12-08 08:39:36,0,velocity,mobile
SIG-00378,2024-02-01 02:17:46,0,amount_spike,branch
SIG-00310,2024-10-28 10:58:17,0,amount_spike,branch
SIG-00156,2024-11-03 22:40:12,0,velocity,mobile
SIG-00211,2024-10-28 04:35:54,0,device_change,mobile
SIG-00087,2024-03-29 09:20:37,0,geo_anomaly,mobile
SIG-00169,2024-01-29 18:29:45,0,structuring,mobile
SIG-00995,2024-02-05 04:01:28,1,device_change,branch
SIG-00052,2024-11-25 14:25:03,0,geo_anomaly,web
SIG-00439,2024-11-05 10:17:35,0,unusual_hours,mobile
SIG-00550,2024-11-24 07:02:41,1,device_change,branch
SIG-00491,2024-08-07 00:01:59,1,velocity,atm
SIG-00426,2024-06-16 08:32:16,0,geo_anomaly,branch
SIG-00136,2024-02-29 04:18:23,0,geo_anomaly,web
SIG-01192,2024-06-22 01:26:39,0,counterparty_risk,atm
SIG-00055,2024-10-10 16:48:10,1,counterparty_risk,atm
SIG-00079,2024-05-21 14:47:54,1,counterparty_risk,mobile
SIG-00431,2024-11-04 16:58:44,0,amount_spike,atm
SIG-00185,2024-08-22 11:01:08,0,amount_spike,mobile
SIG-00057,2024-07-29 13:37:32,0,velocity,branch
SIG-00943,2024-08-19 19:19:40,1,velocity,atm
SIG-00851,2024-01-15 15:37:31,0,structuring,web
SIG-01164,2024-08-27 14:14:07,1,amount_spike,atm
SIG-00219,2024-10-06 02:55:54,0,counterparty_risk,api
SIG-00845,2024-12-18 02:19:10,0,device_change,web
SIG-00114,2024-06-20 21:04:59,0,structuring,atm
SIG-00549,2024-07-03 20:41:20,0,velocity,mobile
SIG-01019,2024-08-21 08:13:21,1,geo_anomaly,atm
SIG-01073,2024-12-14 19:05:46,0,structuring,branch
SIG-00175,2024-02-01 12:43:19,0,geo_anomaly,web
SIG-01023,2024-12-19 03:39:21,1,structuring,api
SIG-00616,2024-09-26 07:17:49,0,geo_anomaly,atm
SIG-00514,2024-04-26 11:09:48,0,device_change,web
SIG-00462,2024-03-02 08:07:03,0,device_change,api
SIG-00287,2024-08-24 12:14:38,0,unusual_hours,branch
SIG-00382,2024-07-18 06:18:29,0,counterparty_risk,web
SIG-01008,2024-12-08 13:09:18,1,geo_anomaly,api
SIG-00671,2024-08-18 15:49:36,1,velocity,atm
SIG-00535,2024-05-16 18:31:11,0,geo_anomaly,web
SIG-00910,2024-03-15 00:19:22,1,unusual_hours,branch
SIG-00293,2024-10-19 23:51:07,0,structuring,mobile
SIG-00124,2024-05-31 10:56:20,0,counterparty_risk,api
SIG-00583,2024-02-14 05:30:41,0,structuring,web
SIG-00141,2024-08-17 22:45:07,0,unusual_hours,web
SIG-00736,2024-10-30 15:58:59,0,unusual_hours,branch
SIG-00082,2024-04-01 22:33:06,0,counterparty_risk,web
SIG-00882,2024-06-12 18:54:00,0,unusual_hours,web
SIG-00740,2024-05-18 19:30:57,0,counterparty_risk,atm
SIG-01102,2024-03-12 09:56:36,0,counterparty_risk,mobile
SIG-00909,2024-02-16 21:25:56,1,counterparty_risk,api
SIG-01167,2024-09-12 02:31:58,0,geo_anomaly,atm
SIG-00937,2024-09-08 12:22:16,0,amount_spike,atm
SIG-00372,2024-03-15 05:12:47,1,amount_spike,branch
SIG-00890,2024-08-28 02:24:19,0,velocity,api
SIG-00157,2024-04-04 11:46:06,1,amount_spike,atm
SIG-00992,2024-03-23 15:04:23,0,velocity,atm
SIG-00622,2024-07-09 23:13:02,0,device_change,api
SIG-01038,2024-10-31 09:26:15,0,structuring,api
SIG-00245,2024-05-22 01:16:14,0,velocity,api
SIG-00159,2024-04-15 05:07:26,0,amount_spike,branch
SIG-00746,2024-09-29 01:41:59,1,amount_spike,atm
SIG-00193,2024-06-25 15:17:05,0,velocity,branch
SIG-00534,2024-10-08 00:02:55,0,unusual_hours,api
SIG-00904,2024-10-05 00:47:50,0,device_change,mobile
SIG-01004,2024-07-30 09:42:37,0,structuring,web
SIG-01070,2024-04-06 23:19:48,1,counterparty_risk,atm
SIG-00414,2024-01-24 06:25:47,0,geo_anomaly,api
SIG-01187,2024-12-07 16:15:37,0,counterparty_risk,api
SIG-00328,2024-04-07 20:46:15,0,unusual_hours,atm
SIG-00129,2024-09-14 11:36:20,0,velocity,mobile
SIG-00695,2024-12-21 16:23:06,1,unusual_hours,branch
SIG-00631,2024-11-11 07:21:11,1,geo_anomaly,web
SIG-00275,2024-06-24 08:47:48,0,geo_anomaly,api
SIG-01148,2024-07-29 18:38:53,0,unusual_hours,api
SIG-00309,2024-07-17 06:02:56,0,unusual_hours,mobile
SIG-00234,2024-10-16 04:48:59,0,velocity,atm
SIG-01048,2024-01-23 07:35:39,1,counterparty_risk,web
SIG-00623,2024-01-12 23:38:33,1,counterparty_risk,web
SIG-00644,2024-09-14 22:16:08,0,unusual_hours,branch
SIG-00479,2024-02-15 21:56:07,1,device_change,branch
SIG-00472,2024-10-06 01:49:13,0,geo_anomaly,mobile
SIG-00926,2024-07-26 08:20:05,0,amount_spike,api
SIG-01098,2024-11-25 16:19:43,0,velocity,mobile
SIG-00627,2024-11-15 11:17:22,0,counterparty_risk,mobile
SIG-00395,2024-02-17 03:10:48,0,geo_anomaly,web
SIG-00637,2024-06-08 20:21:17,1,velocity,branch
SIG-00768,2024-10-21 11:20:31,0,unusual_hours,web
SIG-00533,2024-09-22 23:13:59,0,amount_spike,branch
SIG-00718,2024-09-30 16:19:29,0,unusual_hours,atm
SIG-00667,2024-10-29 12:31:24,0,unusual_hours,mobile
SIG-00598,2024-01-10 12:56:25,0,device_change,mobile
SIG-00482,2024-07-04 16:58:42,1,geo_anomaly,api
SIG-01103,2024-04-07 17:31:12,1,unusual_hours,mobile
SIG-00315,2024-05-05 12:31:08,0,counterparty_risk,branch
SIG-00729,2024-03-06 05:46:22,1,structuring,api
SIG-00210,2024-12-03 17:16:30,0,geo_anomaly,web
SIG-00934,2024-11-02 01:43:54,0,unusual_hours,branch
SIG-00434,2024-02-27 20:13:39,0,structuring,atm
SIG-00329,2024-08-14 07:31:33,0,unusual_hours,web
SIG-00261,2024-05-07 14:23:49,1,counterparty_risk,web
SIG-01117,2024-11-05 21:34:14,1,amount_spike,atm
SIG-00307,2024-08-16 16:40:41,0,device_change,atm
SIG-01067,2024-07-04 01:49:07,1,amount_spike,branch
SIG-00928,2024-04-13 16:25:04,0,counterparty_risk,web
SIG-01025,2024-07-25 09:17:10,0,structuring,mobile
SIG-00271,2024-08-24 05:44:34,0,geo_anomaly,mobile
SIG-00291,2024-05-12 09:22:51,1,geo_anomaly,branch
SIG-00813,2024-12-22 12:40:11,1,amount_spike,web
SIG-00097,2024-10-06 12:35:45,0,amount_spike,atm
SIG-00888,2024-05-02 00:54:35,1,velocity,atm
SIG-00819,2024-03-26 23:08:29,0,unusual_hours,web
SIG-00032,2024-10-29 09:19:29,0,structuring,mobile
SIG-00763,2024-11-15 02:26:35,0,unusual_hours,branch
SIG-00954,2024-11-07 18:47:39,0,structuring,api
SIG-00320,2024-08-13 09:03:43,0,structuring,mobile
SIG-00299,2024-04-22 09:50:34,0,amount_spike,mobile
SIG-00200,2024-01-06 07:27:18,0,structuring,api
SIG-00561,2024-10-27 10:03:15,0,amount_spike,mobile
SIG-00179,2024-08-30 17:57:46,0,structuring,web
SIG-01132,2024-05-28 04:33:33,0,counterparty_risk,mobile
SIG-00089,2024-09-06 03:02:35,0,structuring,api
SIG-00788,2024-01-31 15:54:51,0,device_change,mobile
SIG-00725,2024-09-01 18:47:56,0,unusual_hours,mobile
SIG-00827,2024-04-19 18:44:22,0,amount_spike,mobile
SIG-00209,2024-08-02 08:14:35,0,counterparty_risk,atm
SIG-01040,2024-06-03 14:50:17,0,unusual_hours,web
SIG-00297,2024-01-18 15:19:13,0,geo_anomaly,api
SIG-00998,2024-09-13 02:10:38,1,counterparty_risk,web
SIG-00498,2024-09-14 00:21:12,0,counterparty_risk,atm
SIG-00835,2024-07-16 00:31:01,0,amount_spike,web
SIG-00430,2024-08-25 07:20:05,0,velocity,web
SIG-00507,2024-03-25 09:05:44,0,counterparty_risk,mobile
SIG-00831,2024-02-24 08:14:15,0,unusual_hours,mobile
SIG-00694,2024-08-02 17:04:23,0,counterparty_risk,api
SIG-00011,2024-01-18 19:06:51,0,unusual_hours,web
SIG-00848,2024-10-22 14:50:08,1,counterparty_risk,web
SIG-00463,2024-04-21 13:19:04,0,amount_spike,branch
SIG-00199,2024-08-24 11:05:42,1,counterparty_risk,web
SIG-00060,2024-11-30 16:44:13,0,geo_anomaly,api
SIG-00907,2024-12-14 07:30:02,1,geo_anomaly,api
SIG-00997,2024-02-24 12:20:58,0,device_change,web
SIG-00276,2024-06-10 13:18:16,0,unusual_hours,mobile
SIG-00809,2024-11-14 20:26:12,0,velocity,atm
SIG-00908,2024-10-07 05:25:05,1,device_change,mobile
SIG-00658,2024-03-29 21:56:22,0,device_change,mobile
SIG-00957,2024-03-22 20:37:32,0,unusual_hours,web
SIG-00886,2024-12-07 17:43:50,0,counterparty_risk,web
SIG-00221,2024-06-17 12:54:26,0,velocity,mobile
SIG-00789,2024-11-06 20:44:16,0,structuring,atm
SIG-00712,2024-05-02 08:05:45,1,counterparty_risk,api
SIG-00714,2024-02-22 20:39:15,1,counterparty_risk,atm
SIG-01113,2024-02-04 18:42:14,0,device_change,branch
SIG-01191,2024-03-26 17:58:43,1,geo_anomaly,mobile
SIG-00790,2024-06-23 09:21:13,1,geo_anomaly,web
SIG-00416,2024-10-12 03:14:15,0,counterparty_risk,branch
SIG-00899,2024-08-04 08:50:14,1,structuring,mobile
SIG-00935,2024-10-15 19:30:23,1,amount_spike,web
SIG-00266,2024-10-16 14:06:14,0,velocity,api
SIG-00632,2024-05-16 04:06:58,0,counterparty_risk,atm
SIG-00248,2024-08-06 00:41:45,0,amount_spike,atm
SIG-00683,2024-10-15 01:05:04,0,unusual_hours,web
SIG-00559,2024-01-21 20:29:13,0,velocity,api
SIG-01137,2024-09-04 23:26:16,0,amount_spike,web
SIG-00968,2024-06-02 10:43:20,0,counterparty_risk,mobile
SIG-01005,2024-08-16 05:33:49,0,unusual_hours,mobile
SIG-00985,2024-10-03 14:10:37,0,unusual_hours,api
SIG-00295,2024-03-24 17:14:54,0,counterparty_risk,atm
SIG-00520,2024-08-22 22:43:26,1,structuring,mobile
SIG-00771,2024-10-11 06:35:43,1,velocity,atm
SIG-00084,2024-10-30 20:22:14,1,device_change,web
SIG-00232,2024-04-24 21:43:49,0,unusual_hours,branch
SIG-00621,2024-05-29 02:37:08,0,structuring,atm
SIG-00334,2024-03-24 04:25:13,0,amount_spike,api
SIG-00130,2024-06-28 07:20:29,1,geo_anomaly,mobile
SIG-01012,2024-03-22 19:54:11,0,structuring,web
SIG-00645,2024-06-03 10:58:50,0,geo_anomaly,api
SIG-00974,2024-03-22 13:50:05,1,unusual_hours,branch
SIG-00383,2024-08-23 22:59:23,1,unusual_hours,api
SIG-00868,2024-04-19 19:01:05,0,velocity,mobile
SIG-00543,2024-09-18 18:26:32,1,device_change,web
SIG-01194,2024-07-03 19:17:12,1,structuring,mobile
SIG-00875,2024-04-12 13:49:25,0,device_change,mobile
SIG-00332,2024-11-11 19:25:53,0,geo_anomaly,atm
SIG-00410,2024-01-18 15:44:04,1,unusual_hours,atm
SIG-00077,2024-02-13 10:44:24,0,velocity,web
SIG-00869,2024-10-29 03:06:09,0,amount_spike,atm
SIG-00139,2024-04-30 19:05:34,0,velocity,atm
SIG-00544,2024-02-27 19:49:30,0,geo_anomaly,web
SIG-00674,2024-10-26 04:20:28,0,velocity,mobile
SIG-00921,2024-11-30 06:22:32,1,amount_spike,atm
SIG-00064,2024-09-17 20:36:23,1,unusual_hours,branch
SIG-00142,2024-11-26 05:18:26,1,unusual_hours,atm
SIG-00717,2024-02-16 13:40:31,0,velocity,web
SIG-00377,2024-08-21 23:16:18,1,counterparty_risk,web
SIG-00364,2024-01-07 07:23:18,0,amount_spike,mobile
SIG-00140,2024-09-20 01:20:03,1,device_change,api
SIG-00885,2024-05-27 11:32:01,0,counterparty_risk,branch
SIG-01042,2024-02-08 22:39:52,0,geo_anomaly,atm
SIG-00225,2024-12-04 04:48:48,0,device_change,atm
SIG-00515,2024-11-25 20:25:52,0,geo_anomaly,branch
SIG-00267,2024-08-18 13:22:06,0,velocity,api
SIG-01170,2024-02-10 10:18:16,0,geo_anomaly,web
SIG-00487,2024-12-16 15:31:39,1,structuring,web
SIG-00353,2024-07-02 11:35:56,1,unusual_hours,web
SIG-01006,2024-12-18 08:06:44,0,geo_anomaly,atm
SIG-00618,2024-09-26 07:15:47,1,unusual_hours,web
SIG-00668,2024-04-27 03:34:32,0,geo_anomaly,atm
SIG-00775,2024-09-27 18:20:39,1,structuring,atm
SIG-00554,2024-12-26 16:43:47,1,counterparty_risk,branch
SIG-00576,2024-08-27 11:46:11,0,geo_anomaly,api
SIG-00915,2024-12-23 17:51:18,0,geo_anomaly,atm
SIG-00466,2024-12-28 16:47:22,0,velocity,api
SIG-00591,2024-09-29 11:42:19,1,counterparty_risk,atm
SIG-00765,2024-10-06 18:44:28,0,velocity,mobile
SIG-00635,2024-05-05 16:40:13,1,unusual_hours,branch
SIG-00838,2024-09-20 23:22:42,0,amount_spike,mobile
SIG-00290,2024-01-12 21:44:41,1,velocity,atm
SIG-00040,2024-08-03 02:55:22,0,geo_anomaly,atm
SIG-00031,2024-03-18 05:59:09,0,geo_anomaly,branch
SIG-00243,2024-12-04 00:41:15,0,amount_spike,mobile
SIG-00429,2024-10-23 20:45:45,1,structuring,branch
SIG-00137,2024-03-25 15:34:36,1,device_change,branch
SIG-01101,2024-10-17 10:53:28,0,structuring,atm
SIG-00865,2024-02-29 11:14:52,0,geo_anomaly,mobile
SIG-00004,2024-03-18 05:18:04,1,unusual_hours,atm
SIG-00833,2024-10-01 23:40:51,1,structuring,web
SIG-00603,2024-02-12 11:20:02,1,unusual_hours,web
SIG-01034,2024-01-03 19:03:12,1,device_change,web
SIG-00655,2024-02-06 23:10:34,1,velocity,web
SIG-00844,2024-02-23 08:20:13,1,geo_anomaly,branch
SIG-00784,2024-02-28 16:38:23,0,counterparty_risk,mobile
SIG-01074,2024-12-21 17:48:08,0,structuring,branch
SIG-00443,2024-01-13 06:15:30,1,structuring,mobile
SIG-01178,2024-03-24 10:17:37,1,counterparty_risk,branch
SIG-00436,2024-04-26 05:03:58,0,structuring,branch
SIG-01169,2024-08-11 21:57:46,0,amount_spike,api
SIG-00101,2024-11-01 03:48:11,0,structuring,atm
SIG-00773,2024-06-16 12:13:29,0,unusual_hours,web
SIG-00495,2024-12-28 15:25:08,1,device_change,mobile
SIG-01028,2024-01-17 20:52:26,0,unusual_hours,atm
SIG-00807,2024-09-07 17:00:25,1,velocity,web
SIG-01142,2024-03-02 05:51:22,1,device_change,mobile
SIG-00846,2024-10-29 12:15:28,0,velocity,api
SIG-00987,2024-05-19 07:42:50,0,counterparty_risk,branch
SIG-00228,2024-04-21 16:55:17,0,unusual_hours,atm
SIG-01193,2024-06-16 17:55:56,1,amount_spike,api
SIG-00672,2024-05-20 05:40:45,1,amount_spike,web
SIG-00859,2024-06-05 15:52:57,0,velocity,web
SIG-00925,2024-08-14 08:08:53,0,structuring,api
SIG-00067,2024-12-28 10:36:28,1,amount_spike,mobile
SIG-00068,2024-03-02 06:18:25,0,device_change,atm
SIG-00817,2024-04-10 10:53:06,0,unusual_hours,mobile
SIG-00212,2024-12-20 17:47:10,0,counterparty_risk,api
SIG-00013,2024-11-19 22:28:21,0,amount_spike,web
SIG-00494,2024-01-25 18:17:07,1,structuring,mobile
SIG-01165,2024-04-28 00:35:44,0,velocity,web
SIG-00300,2024-03-09 05:35:39,1,geo_anomaly,api
SIG-00411,2024-08-10 04:42:18,1,device_change,atm
SIG-00757,2024-03-09 02:23:44,1,device_change,branch
SIG-01075,2024-02-19 19:20:20,0,velocity,atm
SIG-00696,2024-05-24 18:49:26,0,velocity,atm
SIG-01151,2024-06-23 12:33:51,1,amount_spike,branch
SIG-00724,2024-03-27 07:52:32,1,geo_anomaly,web
SIG-01016,2024-08-06 21:10:35,0,unusual_hours,mobile
SIG-00528,2024-07-01 07:58:04,1,counterparty_risk,branch
SIG-00600,2024-10-31 13:55:34,0,geo_anomaly,atm
SIG-01120,2024-01-31 18:17:17,0,device_change,web
SIG-00567,2024-10-22 16:15:49,0,amount_spike,mobile
SIG-00731,2024-03-13 16:22:29,1,amount_spike,branch
SIG-00274,2024-09-29 13:03:29,1,velocity,atm
SIG-00967,2024-08-23 13:36:12,1,velocity,branch
SIG-00238,2024-09-08 00:19:52,0,velocity,branch
SIG-00406,2024-08-01 22:12:50,1,amount_spike,web
SIG-00003,2024-02-06 09:18:10,1,geo_anomaly,web
SIG-00007,2024-05-10 17:17:18,1,velocity,mobile
SIG-00312,2024-03-08 09:07:41,1,structuring,web
SIG-01091,2024-05-20 04:24:35,0,amount_spike,atm
SIG-00452,2024-07-08 21:50:20,0,amount_spike,api
SIG-00722,2024-08-01 15:29:54,0,geo_anomaly,mobile
SIG-00216,2024-02-25 23:37:33,1,device_change,web
SIG-01086,2024-10-13 19:42:37,1,geo_anomaly,api
SIG-00028,2024-04-23 23:37:10,0,device_change,web
SIG-01158,2024-02-11 13:49:35,0,device_change,web
SIG-00362,2024-07-16 00:38:12,1,counterparty_risk,atm
SIG-00823,2024-04-28 15:05:26,1,unusual_hours,branch
SIG-00781,2024-04-12 22:01:12,0,velocity,atm
SIG-00629,2024-04-06 03:09:43,0,amount_spike,mobile
SIG-00454,2024-07-29 22:54:21,1,device_change,api
SIG-00739,2024-10-29 08:30:09,1,amount_spike,mobile
SIG-00536,2024-12-22 02:07:18,0,structuring,mobile
SIG-01050,2024-08-20 19:53:02,0,structuring,atm
SIG-00399,2024-11-15 18:04:45,0,structuring,mobile
SIG-00257,2024-02-17 10:36:39,1,counterparty_risk,api
SIG-00292,2024-08-08 10:21:19,0,structuring,mobile
SIG-00026,2024-04-07 15:20:57,0,structuring,mobile
SIG-00337,2024-10-24 14:30:16,1,structuring,web
SIG-00585,2024-10-02 02:27:34,1,geo_anomaly,api
SIG-00048,2024-02-12 10:27:40,0,geo_anomaly,web
SIG-00319,2024-11-28 03:54:43,1,velocity,atm
SIG-00107,2024-10-25 10:50:23,0,velocity,api
SIG-00799,2024-04-12 13:55:54,0,device_change,api
SIG-00056,2024-03-14 17:58:35,0,amount_spike,web
SIG-00523,2024-12-29 22:57:43,1,geo_anomaly,mobile
SIG-00214,2024-07-14 01:41:34,1,structuring,branch
SIG-00121,2024-06-10 11:17:48,0,velocity,web
SIG-00918,2024-10-23 01:50:48,0,geo_anomaly,branch
SIG-01068,2024-03-11 23:40:28,1,unusual_hours,web
SIG-01118,2024-05-25 02:36:48,0,geo_anomaly,api
SIG-00073,2024-04-12 12:30:29,1,structuring,api
SIG-00948,2024-05-08 13:45:49,0,amount_spike,branch
SIG-00747,2024-03-14 02:27:53,0,counterparty_risk,api
SIG-00716,2024-10-26 04:03:32,0,geo_anomaly,api
SIG-00558,2024-11-02 23:58:34,0,unusual_hours,mobile
SIG-01082,2024-06-11 18:13:45,1,unusual_hours,branch
SIG-01046,2024-02-01 02:01:27,1,structuring,mobile
SIG-00553,2024-09-22 19:20:17,1,amount_spike,atm
SIG-00562,2024-06-23 23:25:55,0,device_change,web
SIG-00425,2024-09-18 04:20:46,0,device_change,branch
SIG-01014,2024-09-01 11:44:31,0,structuring,mobile
SIG-00326,2024-09-20 15:47:07,0,structuring,mobile
SIG-00924,2024-05-05 04:48:44,0,unusual_hours,mobile
SIG-00317,2024-05-16 16:20:21,0,structuring,mobile
SIG-00804,2024-04-30 18:15:27,0,amount_spike,api
SIG-01163,2024-12-11 19:24:53,0,device_change,branch
SIG-00529,2024-06-09 18:06:31,0,velocity,atm
SIG-00837,2024-10-08 15:13:45,0,counterparty_risk,atm
SIG-00715,2024-06-23 14:15:56,0,device_change,branch
SIG-00901,2024-09-11 05:16:36,0,unusual_hours,api
SIG-00061,2024-04-05 14:53:36,1,structuring,atm
SIG-00723,2024-02-24 06:57:56,0,velocity,mobile
SIG-00093,2024-02-14 21:53:48,0,device_change,atm
SIG-00858,2024-10-18 07:35:02,0,geo_anomaly,web
SIG-00619,2024-02-24 11:39:30,0,geo_anomaly,branch
SIG-00352,2024-11-03 08:12:07,0,geo_anomaly,web
SIG-00933,2024-09-27 08:23:16,0,amount_spike,mobile
SIG-00281,2024-12-05 06:36:39,0,unusual_hours,api
SIG-00421,2024-03-14 17:22:55,0,counterparty_risk,web
SIG-01115,2024-02-22 22:24:44,0,amount_spike,branch
SIG-00360,2024-05-17 00:29:01,0,geo_anomaly,atm
SIG-00423,2024-07-15 07:05:01,1,device_change,web
SIG-00679,2024-11-09 19:39:57,0,geo_anomaly,atm
SIG-00527,2024-12-08 20:24:13,0,device_change,api
SIG-00478,2024-01-05 10:35:19,0,amount_spike,branch
SIG-01095,2024-07-08 07:46:15,0,counterparty_risk,api
SIG-00183,2024-09-28 17:59:26,1,device_change,branch
SIG-01092,2024-05-13 15:37:11,0,velocity,api
SIG-00433,2024-01-16 02:42:16,1,geo_anomaly,branch
SIG-00111,2024-09-27 06:22:04,1,structuring,api
SIG-00371,2024-11-12 16:08:07,0,structuring,api
SIG-00240,2024-10-17 07:01:35,1,device_change,web
SIG-00709,2024-06-27 01:08:18,0,unusual_hours,mobile
SIG-00630,2024-11-13 04:27:43,0,velocity,api
SIG-00594,2024-09-08 04:05:14,0,device_change,branch
SIG-00486,2024-05-20 12:04:45,0,velocity,atm
SIG-00701,2024-05-23 00:33:32,0,structuring,api
SIG-00262,2024-04-17 16:23:19,0,counterparty_risk,web
SIG-00480,2024-12-24 11:58:17,1,unusual_hours,branch
SIG-00650,2024-06-26 07:03:26,0,velocity,api
SIG-00340,2024-06-21 12:13:55,0,structuring,branch
SIG-00669,2024-06-01 03:23:02,0,amount_spike,mobile
SIG-00552,2024-09-25 20:35:20,1,structuring,api
SIG-00459,2024-04-04 03:52:21,0,velocity,atm
SIG-00184,2024-02-01 05:46:20,0,structuring,mobile
SIG-00138,2024-08-23 19:57:24,0,unusual_hours,mobile
SIG-01161,2024-01-06 01:58:16,1,geo_anomaly,api
SIG-00707,2024-02-25 07:01:01,0,unusual_hours,branch
SIG-00582,2024-05-06 13:28:47,0,device_change,branch
SIG-00081,2024-12-05 16:54:48,0,device_change,atm
SIG-00769,2024-11-24 11:04:39,0,velocity,branch
SIG-00870,2024-06-08 03:12:17,0,amount_spike,web
SIG-00762,2024-05-14 16:30:16,1,amount_spike,web
SIG-00030,2024-07-16 03:56:10,0,velocity,branch
SIG-00542,2024-04-16 16:46:09,1,structuring,branch
SIG-00166,2024-02-09 20:11:10,0,counterparty_risk,mobile
SIG-00249,2024-11-15 22:53:18,0,device_change,branch
SIG-00308,2024-10-16 15:24:17,1,amount_spike,web
SIG-00448,2024-06-27 12:22:28,0,structuring,branch
SIG-00347,2024-10-23 08:45:51,0,geo_anomaly,branch
SIG-00335,2024-03-01 04:11:37,1,velocity,branch
SIG-00286,2024-11-13 20:17:28,0,structuring,atm
SIG-00950,2024-01-04 10:03:23,0,velocity,branch
SIG-00098,2024-06-05 06:38:36,0,unusual_hours,branch
SIG-00468,2024-08-08 13:47:17,1,structuring,mobile
SIG-01037,2024-04-17 00:24:37,0,unusual_hours,api
SIG-00913,2024-07-12 17:25:11,1,velocity,atm
SIG-00756,2024-09-26 08:27:05,1,structuring,branch
SIG-00945,2024-05-03 10:39:38,0,structuring,web
SIG-00614,2024-11-06 22:15:27,1,amount_spike,atm
SIG-00802,2024-09-25 04:03:16,0,geo_anomaly,mobile
SIG-00758,2024-03-10 00:21:40,0,unusual_hours,mobile
SIG-00689,2024-07-17 08:49:55,0,amount_spike,mobile
SIG-00066,2024-02-08 19:53:34,0,velocity,atm
SIG-00794,2024-08-02 09:31:04,1,amount_spike,branch
SIG-00744,2024-11-24 06:01:47,0,geo_anomaly,web
SIG-00568,2024-06-23 07:31:34,1,structuring,atm
SIG-01084,2024-03-29 18:23:47,1,counterparty_risk,mobile
SIG-01099,2024-05-03 01:31:09,1,unusual_hours,branch
SIG-00303,2024-05-01 13:56:11,1,structuring,api
SIG-00255,2024-06-21 16:51:56,0,geo_anomaly,branch
SIG-00959,2024-10-14 22:06:58,0,counterparty_risk,api
SIG-01024,2024-03-09 21:41:40,0,device_change,atm
SIG-00313,2024-03-09 19:07:17,0,counterparty_risk,api
SIG-00530,2024-01-07 07:10:49,0,amount_spike,atm
SIG-00222,2024-12-16 20:31:21,0,velocity,mobile
SIG-00389,2024-02-15 17:36:43,0,amount_spike,branch
SIG-00236,2024-09-04 05:42:31,0,geo_anomaly,atm
SIG-00810,2024-10-02 13:39:58,1,structuring,api
SIG-00483,2024-06-10 11:57:43,0,unusual_hours,atm
SIG-00713,2024-05-03 12:30:46,0,device_change,branch
SIG-00306,2024-05-20 12:42:41,0,velocity,api
SIG-01111,2024-09-02 01:47:21,1,unusual_hours,atm
SIG-01090,2024-07-04 01:40:09,1,counterparty_risk,mobile
SIG-00772,2024-05-11 05:55:39,0,structuring,atm
SIG-00917,2024-12-08 07:09:19,0,device_change,api
SIG-01139,2024-01-06 20:26:28,1,geo_anomaly,branch
SIG-00250,2024-01-18 14:39:46,1,velocity,branch
SIG-00760,2024-12-23 16:41:54,1,counterparty_risk,atm
SIG-00595,2024-01-05 02:18:44,0,velocity,branch
SIG-00072,2024-03-22 19:12:38,1,unusual_hours,branch
SIG-00095,2024-10-06 09:34:24,0,unusual_hours,web
SIG-00546,2024-06-27 06:10:08,1,structuring,web
SIG-00034,2024-08-08 08:08:59,1,velocity,mobile
SIG-00862,2024-10-26 12:34:04,0,structuring,atm
SIG-00579,2024-08-18 20:08:36,0,geo_anomaly,branch
SIG-00449,2024-12-02 23:07:30,0,unusual_hours,branch
SIG-00446,2024-01-25 04:30:13,0,unusual_hours,web
SIG-00260,2024-08-03 05:35:27,1,geo_anomaly,atm
SIG-00205,2024-12-01 13:18:53,0,velocity,branch
SIG-00573,2024-04-14 10:30:23,0,amount_spike,branch
SIG-00824,2024-05-15 10:12:19,0,device_change,branch
SIG-00586,2024-01-27 20:36:19,0,counterparty_risk,api
SIG-00366,2024-01-18 05:14:18,0,amount_spike,atm
SIG-00812,2024-03-18 22:54:32,1,counterparty_risk,mobile
SIG-00078,2024-08-14 05:22:57,0,structuring,web
SIG-00085,2024-02-11 23:31:27,1,device_change,mobile
SIG-00539,2024-03-25 22:36:54,1,structuring,api
SIG-00083,2024-12-08 07:23:40,0,device_change,mobile
SIG-00458,2024-04-15 11:41:44,1,geo_anomaly,mobile
SIG-01138,2024-09-15 22:02:44,1,geo_anomaly,mobile
SIG-00615,2024-05-01 15:06:09,0,velocity,web
SIG-01186,2024-01-31 11:27:44,0,counterparty_risk,mobile
SIG-01076,2024-07-29 00:19:21,0,velocity,atm
SIG-00737,2024-05-13 14:37:49,0,structuring,atm
SIG-00437,2024-07-09 05:42:06,0,unusual_hours,atm
SIG-00555,2024-02-25 23:57:45,1,counterparty_risk,api
SIG-01080,2024-03-13 16:23:13,0,structuring,branch
SIG-01062,2024-11-30 18:38:21,0,velocity,api
SIG-00351,2024-01-11 22:43:37,0,amount_spike,mobile
SIG-00197,2024-03-20 01:18:01,0,amount_spike,atm
SIG-00465,2024-11-26 05:40:44,1,velocity,web
SIG-00589,2024-08-14 02:54:27,0,device_change,atm
SIG-00006,2024-06-13 03:03:06,0,amount_spike,branch
SIG-00311,2024-11-12 12:41:43,0,geo_anomaly,web
SIG-00662,2024-06-19 22:01:26,1,amount_spike,web
SIG-00405,2024-12-13 13:18:50,0,amount_spike,mobile
SIG-01196,2024-02-22 09:05:11,1,device_change,atm
SIG-01044,2024-01-03 01:18:44,1,counterparty_risk,mobile
SIG-01058,2024-01-29 02:41:10,1,structuring,branch
SIG-00105,2024-10-18 17:06:53,0,geo_anomaly,branch
SIG-00537,2024-01-29 20:48:34,0,counterparty_risk,mobile
SIG-00606,2024-09-12 06:33:13,0,device_change,api
SIG-00063,2024-03-20 07:50:01,0,unusual_hours,branch
SIG-00282,2024-04-21 16:54:01,0,structuring,branch
SIG-01056,2024-03-28 21:13:37,0,structuring,web
SIG-00239,2024-05-21 16:45:11,1,unusual_hours,web
SIG-00224,2024-08-07 18:49:54,1,unusual_hours,web
SIG-00146,2024-09-03 20:04:57,1,counterparty_risk,api
SIG-01119,2024-04-07 01:12:02,0,geo_anomaly,api
SIG-00374,2024-12-11 10:36:54,1,device_change,api
SIG-00119,2024-02-23 17:44:23,0,geo_anomaly,web
SIG-00803,2024-12-14 08:56:17,0,amount_spike,mobile
SIG-00251,2024-04-01 04:29:41,1,structuring,web
SIG-01157,2024-01-26 21:30:04,1,velocity,web
SIG-00010,2024-09-01 03:20:51,1,structuring,branch
SIG-00450,2024-04-05 17:43:29,0,amount_spike,atm
SIG-00874,2024-12-17 09:09:18,1,amount_spike,web
SIG-00390,2024-08-25 15:06:31,0,amount_spike,api
SIG-00966,2024-05-18 22:00:24,1,structuring,mobile
SIG-00461,2024-10-26 08:03:37,1,geo_anomaly,mobile
SIG-01147,2024-12-15 00:08:48,1,velocity,api
SIG-00145,2024-06-12 03:13:52,1,counterparty_risk,api
SIG-00502,2024-03-30 04:37:27,0,geo_anomaly,api
SIG-01108,2024-01-12 02:18:13,1,velocity,branch
SIG-00540,2024-09-15 22:36:16,0,structuring,api
SIG-00178,2024-06-25 07:52:43,0,velocity,web
SIG-01159,2024-11-20 18:52:35,1,device_change,api
SIG-01051,2024-09-18 18:21:45,0,velocity,branch
SIG-00584,2024-09-21 18:01:20,0,counterparty_risk,atm
SIG-01195,2024-06-03 18:32:28,0,structuring,api
SIG-00008,2024-05-13 13:53:58,0,structuring,branch
SIG-00574,2024-06-17 19:28:35,1,amount_spike,api
SIG-00843,2024-07-24 18:27:10,1,amount_spike,api
SIG-00358,2024-12-17 12:34:49,1,device_change,atm
SIG-00330,2024-09-11 18:52:23,0,unusual_hours,api
SIG-00705,2024-11-25 17:18:33,1,unusual_hours,branch
SIG-00830,2024-04-03 07:46:39,1,velocity,atm
SIG-00259,2024-02-18 21:41:44,1,counterparty_risk,atm
SIG-00891,2024-05-14 06:37:07,0,unusual_hours,api
SIG-00834,2024-09-23 12:56:54,0,structuring,api
SIG-01188,2024-12-03 18:59:52,0,counterparty_risk,web
SIG-00905,2024-01-01 20:28:37,1,amount_spike,branch
SIG-00526,2024-07-26 05:58:46,0,unusual_hours,branch
SIG-00814,2024-07-15 04:07:08,1,device_change,mobile
SIG-00732,2024-08-26 11:53:17,1,structuring,atm
SIG-01032,2024-08-20 08:29:19,1,structuring,api
SIG-01141,2024-09-24 08:24:50,0,structuring,web
SIG-00441,2024-08-14 14:49:52,0,device_change,web
SIG-00532,2024-08-09 06:49:23,1,counterparty_risk,web
SIG-00960,2024-10-17 01:31:37,0,unusual_hours,web
SIG-00229,2024-05-14 04:54:18,1,structuring,branch
SIG-01041,2024-10-17 10:08:00,0,geo_anomaly,api
SIG-00213,2024-11-14 17:55:17,0,unusual_hours,web
SIG-00080,2024-04-06 21:47:08,0,unusual_hours,mobile
SIG-00149,2024-04-14 05:37:39,0,amount_spike,web
SIG-00592,2024-02-12 11:23:48,0,counterparty_risk,web
SIG-00708,2024-12-14 11:19:31,1,counterparty_risk,atm
SIG-00590,2024-09-25 15:11:38,0,device_change,atm
SIG-00134,2024-03-28 01:54:07,1,unusual_hours,mobile
SIG-00782,2024-05-28 03:19:36,0,amount_spike,web
SIG-00409,2024-11-23 04:56:55,0,structuring,mobile
SIG-00970,2024-04-24 13:23:54,0,unusual_hours,web
SIG-00508,2024-03-31 22:32:36,1,counterparty_risk,atm
SIG-00877,2024-06-14 10:33:47,0,unusual_hours,mobile
SIG-00505,2024-08-18 15:57:38,0,velocity,api
SIG-00719,2024-05-07 07:15:30,1,geo_anomaly,mobile
SIG-00348,2024-11-18 17:55:00,0,device_change,mobile
SIG-00387,2024-06-03 13:56:46,0,amount_spike,branch
SIG-00001,2024-04-16 19:27:32,1,geo_anomaly,web
SIG-00361,2024-02-03 05:58:47,0,structuring,branch
SIG-01134,2024-03-18 08:29:27,1,device_change,mobile
SIG-00476,2024-12-29 10:31:29,0,geo_anomaly,mobile
SIG-00778,2024-04-24 09:23:59,0,counterparty_risk,atm
SIG-00754,2024-05-05 06:52:47,0,geo_anomaly,web
SIG-00173,2024-04-28 14:21:00,0,structuring,atm
SIG-00451,2024-04-25 13:58:07,1,counterparty_risk,branch
SIG-00126,2024-07-07 14:30:41,0,velocity,api
SIG-00931,2024-08-27 06:33:01,0,counterparty_risk,atm
SIG-00531,2024-06-11 04:06:35,0,amount_spike,web
SIG-00091,2024-08-13 11:29:18,0,amount_spike,mobile
SIG-01162,2024-06-30 18:37:38,0,counterparty_risk,mobile
SIG-00182,2024-12-23 18:08:12,0,amount_spike,api
SIG-01027,2024-10-27 22:18:56,0,unusual_hours,api
SIG-01000,2024-04-12 15:59:12,0,amount_spike,web
SIG-00252,2024-10-15 14:34:04,0,unusual_hours,atm
SIG-00070,2024-04-26 06:24:43,1,unusual_hours,mobile
SIG-00132,2024-10-19 01:14:22,0,counterparty_risk,api
SIG-00301,2024-08-04 23:40:51,0,counterparty_risk,branch
SIG-01133,2024-04-06 16:29:50,1,device_change,api
SIG-00327,2024-01-26 14:20:34,0,amount_spike,mobile
SIG-01020,2024-09-13 04:22:19,0,structuring,branch
SIG-00500,2024-03-27 11:37:23,1,counterparty_risk,mobile
SIG-00666,2024-04-06 09:05:03,1,structuring,atm
SIG-00919,2024-04-24 05:53:46,0,device_change,web
SIG-00496,2024-02-22 14:17:18,1,counterparty_risk,api
SIG-00339,2024-06-18 23:24:42,0,velocity,api
SIG-00964,2024-01-07 13:26:06,0,device_change,mobile
SIG-00165,2024-08-02 21:40:45,1,amount_spike,web
SIG-00029,2024-12-06 03:32:27,0,unusual_hours,branch
SIG-00517,2024-07-24 19:52:54,0,geo_anomaly,api
SIG-00194,2024-10-27 00:40:06,0,device_change,atm
SIG-01104,2024-02-07 02:37:30,1,velocity,api
SIG-00170,2024-04-27 23:57:08,1,velocity,web
SIG-01059,2024-07-18 08:10:43,1,amount_spike,atm
SIG-00174,2024-02-08 12:55:26,1,counterparty_risk,web
SIG-00519,2024-10-08 09:37:08,1,counterparty_risk,web
SIG-00969,2024-02-22 23:10:02,0,unusual_hours,api
SIG-00702,2024-10-11 11:03:11,0,structuring,web
SIG-00492,2024-10-07 21:27:32,0,velocity,api
SIG-00074,2024-01-20 17:28:48,1,velocity,api
SIG-00981,2024-04-20 17:40:14,0,structuring,mobile
SIG-00588,2024-11-02 10:43:42,0,device_change,mobile
SIG-00235,2024-12-16 15:57:48,0,amount_spike,web
SIG-00215,2024-06-19 23:57:04,0,velocity,atm
SIG-00947,2024-02-05 16:59:40,0,amount_spike,web
SIG-00133,2024-01-08 12:39:55,0,unusual_hours,atm
SIG-01156,2024-06-08 03:39:18,1,unusual_hours,branch
SIG-00733,2024-06-09 00:02:44,1,structuring,api
SIG-00941,2024-02-20 12:18:28,0,geo_anomaly,atm
SIG-00186,2024-11-20 15:41:56,1,counterparty_risk,atm
SIG-00042,2024-05-08 07:49:00,0,velocity,atm
SIG-00109,2024-09-11 18:54:13,0,unusual_hours,mobile
SIG-00849,2024-10-31 22:41:45,0,counterparty_risk,mobile
SIG-00569,2024-02-04 19:18:29,1,amount_spike,atm
SIG-00651,2024-02-21 05:31:08,1,unusual_hours,branch
SIG-01001,2024-12-18 12:37:13,1,counterparty_risk,branch
SIG-01166,2024-10-08 15:05:32,1,geo_anomaly,atm
SIG-00484,2024-11-07 11:08:06,0,unusual_hours,web
SIG-00469,2024-06-25 10:50:25,0,unusual_hours,atm
SIG-00025,2024-01-25 16:07:16,0,device_change,api
SIG-00661,2024-01-27 13:38:32,0,structuring,atm
SIG-00680,2024-10-23 09:45:52,0,counterparty_risk,mobile
SIG-00753,2024-01-29 04:02:36,0,amount_spike,api
SIG-00994,2024-10-26 20:54:41,0,structuring,branch
SIG-00367,2024-11-18 11:44:11,0,counterparty_risk,api
SIG-00840,2024-04-11 04:35:17,0,structuring,branch
SIG-01053,2024-06-02 11:00:02,0,device_change,atm
SIG-00384,2024-10-29 08:17:21,0,unusual_hours,branch
SIG-00455,2024-11-08 11:33:47,0,geo_anomaly,branch
SIG-00265,2024-04-13 01:24:16,1,velocity,web
SIG-00761,2024-12-29 18:33:46,1,device_change,web
SIG-00980,2024-05-08 11:45:15,0,amount_spike,web
SIG-00445,2024-10-27 23:15:55,0,structuring,api
SIG-00396,2024-05-20 03:47:57,1,structuring,atm
SIG-00742,2024-12-22 05:28:40,1,unusual_hours,mobile
SIG-00177,2024-01-13 16:13:31,0,geo_anomaly,branch
SIG-00019,2024-08-08 06:30:04,1,unusual_hours,branch
SIG-00949,2024-07-25 00:36:29,1,device_change,atm
SIG-00815,2024-07-08 19:49:21,0,structuring,api
SIG-00596,2024-08-04 16:52:32,1,structuring,atm
SIG-00062,2024-09-12 07:09:43,0,structuring,atm
SIG-00273,2024-04-24 12:38:46,0,device_change,atm
SIG-01126,2024-04-19 13:29:53,1,amount_spike,web
SIG-00279,2024-10-13 22:04:40,0,amount_spike,web
SIG-00842,2024-07-02 09:24:23,0,geo_anomaly,atm
SIG-00369,2024-06-26 17:52:58,1,velocity,branch
SIG-00887,2024-12-10 16:58:30,0,device_change,api
SIG-01015,2024-03-05 14:24:50,1,amount_spike,web
SIG-00860,2024-03-23 00:26:08,1,unusual_hours,mobile
SIG-00721,2024-03-08 12:33:53,0,velocity,api
SIG-00826,2024-07-17 15:39:12,1,unusual_hours,branch
SIG-00548,2024-10-21 23:51:11,0,velocity,mobile
SIG-00880,2024-05-24 17:05:24,1,counterparty_risk,branch
SIG-00900,2024-08-28 10:06:53,0,unusual_hours,branch
SIG-00457,2024-03-24 02:30:05,0,geo_anomaly,atm
SIG-00394,2024-10-03 10:32:30,0,unusual_hours,web
SIG-00676,2024-04-21 06:15:35,0,unusual_hours,atm
SIG-00912,2024-06-26 15:09:50,1,unusual_hours,atm
SIG-00965,2024-08-28 03:26:01,0,velocity,atm
SIG-00376,2024-04-13 14:01:01,0,counterparty_risk,mobile
SIG-00413,2024-04-05 02:25:39,0,counterparty_risk,api
SIG-00075,2024-05-09 12:58:20,1,counterparty_risk,web
SIG-01122,2024-11-10 02:38:34,1,amount_spike,api
SIG-00863,2024-09-14 02:00:24,1,velocity,mobile
SIG-00501,2024-06-28 19:30:32,0,unusual_hours,atm
SIG-00942,2024-06-30 02:31:23,1,unusual_hours,web
SIG-00617,2024-08-11 05:34:50,0,device_change,api
SIG-00115,2024-06-22 04:12:57,0,geo_anomaly,api
SIG-00418,2024-02-17 13:59:13,1,amount_spike,api
SIG-00602,2024-11-10 15:28:48,0,unusual_hours,mobile
SIG-00605,2024-06-28 10:39:24,1,geo_anomaly,api
SIG-00090,2024-05-08 14:32:25,0,velocity,mobile
SIG-01149,2024-05-15 00:28:10,1,amount_spike,api
SIG-00499,2024-02-16 01:44:28,1,geo_anomaly,atm
SIG-00876,2024-01-16 07:38:58,1,counterparty_risk,branch
SIG-00927,2024-01-10 19:33:12,0,device_change,web
SIG-00999,2024-05-19 08:13:00,0,velocity,web
SIG-00012,2024-11-28 04:08:20,0,geo_anomaly,mobile
SIG-00397,2024-08-02 05:43:19,0,geo_anomaly,atm
SIG-00755,2024-09-05 06:23:27,0,device_change,branch
SIG-00556,2024-08-07 00:28:17,0,geo_anomaly,atm
SIG-00043,2024-03-24 04:49:54,1,structuring,web
SIG-00168,2024-11-30 15:50:24,0,device_change,mobile
SIG-00417,2024-05-23 21:41:05,1,structuring,atm
SIG-00577,2024-06-02 16:06:59,1,amount_spike,atm
SIG-00268,2024-01-17 20:11:29,0,unusual_hours,atm
SIG-00808,2024-06-07 03:06:10,0,unusual_hours,api
SIG-00427,2024-05-22 02:47:00,0,velocity,api
SIG-00691,2024-09-18 19:15:28,0,unusual_hours,mobile
SIG-00545,2024-05-17 15:37:49,0,amount_spike,api
SIG-01123,2024-02-23 01:25:41,0,amount_spike,mobile
SIG-00675,2024-03-24 18:52:11,1,velocity,mobile
SIG-00690,2024-05-22 19:05:54,0,geo_anomaly,branch
SIG-01055,2024-08-05 03:19:08,0,structuring,branch
SIG-01177,2024-07-20 00:28:08,0,geo_anomaly,branch
SIG-01033,2024-10-15 19:16:48,0,counterparty_risk,mobile
SIG-01035,2024-05-20 16:35:57,0,velocity,web
SIG-00258,2024-09-05 08:30:21,1,structuring,mobile
SIG-00336,2024-10-26 09:04:23,1,structuring,atm
SIG-00016,2024-12-25 09:16:15,0,unusual_hours,atm
SIG-00902,2024-01-22 01:52:53,0,counterparty_risk,web
SIG-00325,2024-05-21 07:46:29,0,amount_spike,branch
SIG-00608,2024-03-24 10:02:41,1,geo_anomaly,branch
SIG-01054,2024-09-30 06:13:54,0,velocity,mobile
SIG-00791,2024-02-19 00:08:19,0,velocity,api
SIG-00223,2024-05-19 05:07:13,1,amount_spike,api
SIG-00180,2024-09-08 12:23:35,0,geo_anomaly,branch
SIG-00100,2024-07-31 19:08:41,0,counterparty_risk,mobile
SIG-00522,2024-12-18 06:09:31,1,amount_spike,branch
SIG-00023,2024-02-23 17:20:43,0,structuring,api
SIG-00357,2024-09-05 03:27:42,1,counterparty_risk,atm
SIG-00734,2024-02-23 07:07:56,1,device_change,web
SIG-01094,2024-03-08 18:49:11,0,counterparty_risk,branch
SIG-01112,2024-07-26 07:13:43,0,amount_spike,branch
SIG-00612,2024-05-30 22:22:49,0,structuring,api
SIG-01010,2024-08-21 19:14:08,1,unusual_hours,mobile
SIG-00341,2024-03-31 21:03:55,0,structuring,web
SIG-00432,2024-03-18 07:21:14,0,structuring,atm
SIG-00962,2024-08-04 17:43:18,1,velocity,atm
SIG-00218,2024-11-26 19:01:40,0,amount_spike,atm
SIG-00204,2024-05-28 23:16:50,1,geo_anomaly,atm
SIG-00906,2024-04-23 09:29:02,0,structuring,atm
SIG-00923,2024-02-21 12:35:24,0,unusual_hours,web
SIG-00094,2024-06-18 08:21:02,0,velocity,atm
SIG-00911,2024-12-25 20:47:06,1,unusual_hours,atm
SIG-00069,2024-11-09 10:43:00,0,unusual_hours,atm
SIG-00895,2024-04-18 00:36:44,0,velocity,atm
SIG-00285,2024-03-28 19:57:19,1,counterparty_risk,api
SIG-00697,2024-03-27 16:14:07,1,counterparty_risk,atm
SIG-00086,2024-11-13 03:08:19,0,device_change,branch
SIG-00435,2024-05-03 16:54:54,1,geo_anomaly,api
SIG-00797,2024-10-21 12:35:22,1,velocity,mobile
SIG-00154,2024-03-15 04:46:29,0,velocity,web
SIG-00076,2024-10-14 20:46:22,0,device_change,atm
SIG-01043,2024-08-01 19:44:32,0,structuring,mobile
SIG-00581,2024-05-03 22:34:43,1,amount_spike,api
SIG-00447,2024-09-14 04:24:04,0,device_change,atm
SIG-00704,2024-12-06 16:05:01,0,velocity,branch
SIG-00189,2024-03-11 11:36:05,0,structuring,api
SIG-00272,2024-08-15 07:59:39,1,structuring,branch
SIG-00237,2024-10-25 01:20:45,1,unusual_hours,web
SIG-00488,2024-05-07 10:16:40,1,counterparty_risk,atm
SIG-01160,2024-04-09 09:31:12,0,velocity,branch
SIG-00560,2024-08-23 00:34:53,0,counterparty_risk,atm
SIG-00118,2024-04-01 01:38:18,0,amount_spike,branch
SIG-00638,2024-12-02 08:26:22,1,geo_anomaly,web
SIG-01128,2024-06-12 04:56:56,1,amount_spike,api
SIG-00751,2024-11-23 21:17:52,0,counterparty_risk,branch
SIG-00513,2024-11-01 04:13:46,0,structuring,branch
SIG-00634,2024-08-09 09:28:40,0,amount_spike,atm
SIG-00786,2024-05-30 08:05:25,0,counterparty_risk,atm
SIG-01007,2024-05-13 23:56:03,0,device_change,api
SIG-00853,2024-08-31 09:08:43,1,unusual_hours,web
SIG-00127,2024-06-06 00:30:16,0,unusual_hours,web
SIG-00117,2024-08-31 09:43:07,0,geo_anomaly,branch
SIG-00474,2024-12-14 09:02:40,1,device_change,api
SIG-00741,2024-02-08 21:19:10,0,geo_anomaly,web
SIG-00993,2024-07-28 14:09:19,1,device_change,web
SIG-00058,2024-07-14 06:54:18,1,counterparty_risk,atm
SIG-00604,2024-07-19 09:24:42,0,geo_anomaly,atm
SIG-00787,2024-12-02 16:02:16,0,device_change,atm
SIG-00971,2024-11-04 18:05:47,1,counterparty_risk,branch
SIG-00657,2024-11-13 08:00:29,1,velocity,api
SIG-00903,2024-10-25 00:50:21,0,structuring,atm
SIG-00922,2024-08-30 09:39:48,0,unusual_hours,branch
SIG-00106,2024-01-10 11:39:40,1,velocity,web
SIG-00636,2024-11-29 05:17:47,1,structuring,mobile
SIG-00370,2024-12-10 00:09:53,1,velocity,branch
SIG-00269,2024-01-13 02:20:42,0,velocity,api
SIG-00656,2024-03-28 20:15:05,1,structuring,api
SIG-00047,2024-02-08 05:19:15,0,velocity,api
SIG-00350,2024-05-25 05:34:25,0,geo_anomaly,api
SIG-00774,2024-01-21 19:10:32,0,velocity,branch
SIG-00196,2024-05-20 12:01:40,0,structuring,api
SIG-00103,2024-11-05 03:29:18,0,unusual_hours,web
SIG-00005,2024-04-18 00:55:31,0,counterparty_risk,mobile
SIG-00620,2024-12-02 03:15:06,0,amount_spike,mobile
SIG-00991,2024-09-02 07:11:08,0,velocity,atm
SIG-00053,2024-12-01 19:07:32,0,device_change,mobile
SIG-00264,2024-01-06 18:30:29,1,amount_spike,web
SIG-01093,2024-08-23 04:22:39,1,geo_anomaly,atm
SIG-00444,2024-06-11 15:18:55,1,geo_anomaly,api
SIG-00972,2024-12-05 17:25:07,1,structuring,web
SIG-00783,2024-06-29 14:39:15,0,amount_spike,web
SIG-00847,2024-05-01 17:13:51,0,unusual_hours,mobile
SIG-00692,2024-01-18 02:27:46,1,counterparty_risk,mobile
SIG-00305,2024-03-07 17:58:26,0,counterparty_risk,atm
SIG-00342,2024-07-01 03:32:32,0,counterparty_risk,web
SIG-00867,2024-06-11 15:44:20,0,counterparty_risk,mobile
SIG-00314,2024-08-13 01:02:02,0,device_change,atm
SIG-00150,2024-12-08 09:23:53,1,device_change,web
SIG-00125,2024-11-06 15:18:42,0,structuring,web
SIG-01063,2024-09-03 02:09:21,0,counterparty_risk,web
SIG-00575,2024-05-20 05:55:41,1,amount_spike,web
SIG-00698,2024-01-27 18:26:27,0,device_change,branch
SIG-00665,2024-06-15 18:11:35,0,amount_spike,web
SIG-00051,2024-07-28 22:38:41,1,counterparty_risk,mobile
SIG-00727,2024-09-07 21:02:03,0,device_change,web
SIG-00800,2024-03-07 21:01:04,0,amount_spike,api
SIG-00354,2024-08-26 23:27:41,0,velocity,mobile
SIG-01153,2024-01-08 06:28:54,0,structuring,branch
SIG-00143,2024-08-07 18:52:25,0,counterparty_risk,mobile
SIG-00471,2024-02-13 17:56:38,0,amount_spike,web
SIG-00654,2024-10-08 22:42:07,1,unusual_hours,web
SIG-00400,2024-01-29 19:16:05,1,device_change,api
SIG-01154,2024-10-07 00:14:25,0,velocity,atm
SIG-00938,2024-10-28 10:12:43,0,unusual_hours,web
SIG-00321,2024-09-10 03:33:55,0,geo_anomaly,branch
SIG-00020,2024-12-09 13:50:40,1,unusual_hours,api
SIG-00685,2024-07-19 20:51:58,0,counterparty_risk,branch
SIG-00036,2024-08-01 12:32:27,1,geo_anomaly,branch
SIG-00825,2024-07-21 04:41:48,1,counterparty_risk,atm
SIG-00506,2024-01-19 21:41:46,0,geo_anomaly,mobile
SIG-00828,2024-04-17 09:00:38,0,unusual_hours,branch
SIG-01071,2024-02-16 13:20:54,0,velocity,api
SIG-00408,2024-03-07 11:42:19,0,unusual_hours,atm
SIG-00818,2024-03-04 06:24:25,1,counterparty_risk,atm
SIG-00538,2024-11-23 05:05:09,0,unusual_hours,web
SIG-00759,2024-06-01 01:59:23,0,counterparty_risk,atm
SIG-01069,2024-10-12 14:41:44,0,geo_anomaly,branch
SIG-00893,2024-07-15 08:13:52,1,counterparty_risk,api
SIG-00039,2024-02-16 23:50:27,0,geo_anomaly,web
SIG-00176,2024-01-02 00:56:22,0,device_change,api
SIG-00246,2024-06-25 14:54:46,1,amount_spike,branch
SIG-00811,2024-12-07 11:58:25,1,structuring,mobile
SIG-01085,2024-08-03 16:08:39,0,device_change,api
SIG-01078,2024-06-27 16:10:07,0,amount_spike,mobile
SIG-00785,2024-07-29 06:40:13,1,device_change,atm
SIG-01185,2024-09-06 10:14:49,1,amount_spike,mobile
SIG-00490,2024-11-10 01:33:23,1,velocity,api
SIG-00155,2024-10-21 10:36:24,0,geo_anomaly,api
SIG-00639,2024-04-06 03:22:38,1,counterparty_risk,api
SIG-00663,2024-06-08 21:24:51,0,structuring,api
SIG-00854,2024-05-01 04:54:38,1,geo_anomaly,mobile
SIG-00288,2024-10-23 02:10:18,1,amount_spike,branch
SIG-00626,2024-02-14 08:28:59,1,amount_spike,atm
SIG-01200,2024-05-21 20:32:28,1,amount_spike,web
SIG-00686,2024-10-30 08:36:11,0,counterparty_risk,branch
SIG-00873,2024-02-27 22:07:38,0,velocity,atm
SIG-00570,2024-05-05 23:54:35,1,counterparty_risk,api
SIG-01144,2024-09-29 08:51:07,1,structuring,mobile
SIG-00735,2024-04-06 18:13:31,0,unusual_hours,atm
SIG-00793,2024-12-19 17:18:47,0,unusual_hours,mobile
SIG-00018,2024-05-02 12:14:07,0,device_change,branch
SIG-00128,2024-08-29 15:51:18,0,structuring,mobile
SIG-00323,2024-10-04 09:54:12,0,velocity,atm
SIG-00256,2024-07-30 10:47:22,1,unusual_hours,branch
SIG-00944,2024-11-02 18:28:40,0,structuring,atm
SIG-01180,2024-08-09 15:00:47,0,structuring,web
SIG-00191,2024-02-10 14:56:29,0,counterparty_risk,web
SIG-00116,2024-11-22 04:05:22,0,unusual_hours,branch
SIG-01174,2024-04-03 11:41:48,0,structuring,atm
SIG-00889,2024-08-07 10:17:44,0,geo_anomaly,branch
SIG-00607,2024-03-17 15:11:49,1,device_change,atm
SIG-00181,2024-03-05 10:30:44,1,counterparty_risk,branch
SIG-00302,2024-01-17 10:17:08,1,device_change,mobile
SIG-00497,2024-06-23 04:40:08,0,counterparty_risk,api
SIG-00349,2024-06-24 04:49:03,0,amount_spike,mobile
SIG-01036,2024-04-11 11:31:10,0,counterparty_risk,atm
SIG-00983,2024-02-29 04:25:26,0,structuring,atm
SIG-00745,2024-10-13 15:38:17,1,unusual_hours,branch
SIG-01152,2024-10-28 08:04:44,0,unusual_hours,atm
SIG-00518,2024-09-08 03:44:07,1,velocity,api
SIG-00373,2024-09-11 15:51:33,1,amount_spike,branch
SIG-00046,2024-06-08 15:45:03,0,device_change,mobile
SIG-00477,2024-10-19 17:31:16,1,amount_spike,branch
SIG-00158,2024-05-13 12:03:04,0,device_change,atm
SIG-01047,2024-06-04 14:16:50,0,structuring,atm
SIG-00172,2024-06-23 23:05:56,1,device_change,branch
SIG-00017,2024-10-25 09:12:05,1,counterparty_risk,mobile
SIG-00512,2024-07-11 11:31:14,0,velocity,branch
SIG-00049,2024-06-12 20:13:18,1,geo_anomaly,branch
SIG-00192,2024-04-21 22:23:04,0,unusual_hours,api
SIG-00547,2024-09-22 15:43:48,0,counterparty_risk,mobile
SIG-00516,2024-06-28 19:42:26,1,velocity,atm
SIG-00978,2024-08-01 03:39:47,0,device_change,atm
SIG-00939,2024-09-22 02:50:30,1,velocity,web
SIG-00829,2024-10-03 03:52:27,0,unusual_hours,branch
SIG-00984,2024-06-15 08:06:51,0,geo_anomaly,mobile
SIG-00481,2024-04-24 13:56:59,0,amount_spike,atm
SIG-01129,2024-11-03 08:36:46,0,velocity,branch
SIG-00284,2024-11-24 07:27:04,0,structuring,branch
SIG-01030,2024-12-18 13:51:28,0,counterparty_risk,atm
SIG-00798,2024-04-21 02:34:43,1,counterparty_risk,atm
SIG-00940,2024-02-16 08:27:29,0,device_change,mobile
SIG-00226,2024-08-14 11:25:06,0,geo_anomaly,web
SIG-00027,2024-12-09 14:49:33,1,structuring,branch
SIG-00283,2024-03-23 14:52:09,0,geo_anomaly,api
SIG-01150,2024-12-21 03:30:55,1,counterparty_risk,atm
SIG-00438,2024-05-23 01:20:37,1,amount_spike,mobile
SIG-01168,2024-10-17 22:59:51,0,structuring,api
SIG-00365,2024-08-31 23:46:45,0,velocity,atm
SIG-00230,2024-04-07 03:05:03,0,device_change,branch
SIG-00038,2024-09-17 20:34:34,0,unusual_hours,branch
SIG-00670,2024-04-02 22:49:13,0,device_change,api
SIG-00750,2024-11-09 04:36:57,0,geo_anomaly,branch
SIG-01181,2024-03-01 15:01:25,1,geo_anomaly,branch
SIG-00375,2024-03-13 13:15:45,0,device_change,api
SIG-00470,2024-02-22 02:50:02,0,counterparty_risk,atm
SIG-00883,2024-01-23 18:37:26,1,counterparty_risk,web
SIG-01182,2024-03-31 11:39:46,0,amount_spike,branch
SIG-00688,2024-01-25 19:19:48,0,amount_spike,atm
SIG-00033,2024-02-13 10:40:57,0,amount_spike,branch
SIG-01011,2024-05-08 05:55:04,0,unusual_hours,mobile
SIG-01176,2024-06-03 05:09:08,0,velocity,mobile
SIG-00195,2024-12-03 15:05:32,1,structuring,api
SIG-01106,2024-02-02 17:50:16,1,unusual_hours,api
SIG-01114,2024-04-27 21:30:16,0,velocity,mobile
SIG-01064,2024-05-02 14:49:24,0,device_change,branch
SIG-00504,2024-08-26 19:29:58,1,counterparty_risk,mobile
SIG-00916,2024-02-10 05:11:34,1,device_change,atm
SIG-00977,2024-08-08 07:33:02,1,counterparty_risk,mobile
SIG-01183,2024-12-22 11:16:42,1,geo_anomaly,mobile
SIG-01088,2024-07-07 23:37:44,0,amount_spike,branch
SIG-00801,2024-09-26 09:23:29,1,device_change,mobile
SIG-00580,2024-03-19 00:04:17,0,device_change,branch
SIG-00161,2024-03-15 09:17:28,0,geo_anomaly,api
SIG-00681,2024-11-24 17:39:16,0,geo_anomaly,mobile
SIG-01198,2024-04-05 15:10:39,0,geo_anomaly,mobile
SIG-00163,2024-03-16 09:18:25,0,amount_spike,web
SIG-00822,2024-08-21 11:02:56,0,counterparty_risk,mobile
SIG-00706,2024-04-02 11:52:58,1,device_change,api
SIG-01009,2024-09-06 21:38:25,0,amount_spike,web
SIG-00878,2024-01-18 19:43:02,1,velocity,web
SIG-00896,2024-06-05 14:48:50,1,counterparty_risk,web
SIG-00914,2024-06-17 02:05:06,0,counterparty_risk,atm
SIG-01199,2024-09-22 22:13:13,1,structuring,mobile
SIG-00153,2024-04-18 14:36:21,0,structuring,branch
SIG-00979,2024-04-07 08:34:40,1,velocity,web
SIG-01003,2024-09-30 07:17:50,0,structuring,branch
SIG-00510,2024-09-13 09:37:32,1,structuring,web
SIG-00112,2024-11-25 11:04:04,1,velocity,api
SIG-00227,2024-04-09 03:49:02,0,unusual_hours,mobile
SIG-00986,2024-09-20 22:08:46,1,unusual_hours,branch
SIG-00852,2024-12-12 10:06:07,0,amount_spike,atm
SIG-00104,2024-09-14 19:33:58,0,unusual_hours,atm
SIG-00422,2024-07-12 16:46:38,0,amount_spike,api
SIG-00420,2024-12-16 10:08:47,0,geo_anomaly,branch
SIG-00625,2024-10-27 00:39:57,0,counterparty_risk,api
SIG-00587,2024-04-27 14:36:17,1,geo_anomaly,branch
SIG-01061,2024-10-21 04:09:45,0,amount_spike,api
SIG-00920,2024-12-10 06:11:25,1,unusual_hours,atm
SIG-00673,2024-06-12 10:43:56,0,amount_spike,atm
SIG-00120,2024-03-24 02:11:07,0,velocity,api
SIG-00054,2024-05-31 14:59:40,0,amount_spike,api
SIG-00152,2024-03-11 14:52:13,1,device_change,web
SIG-00404,2024-12-29 00:23:17,0,unusual_hours,web
SIG-01189,2024-12-26 15:40:29,0,velocity,api
SIG-00208,2024-12-02 00:48:47,0,geo_anomaly,api
SIG-01135,2024-07-02 15:03:12,0,device_change,branch
SIG-00659,2024-05-01 16:38:50,1,amount_spike,branch
SIG-01097,2024-12-26 14:52:07,0,amount_spike,api
SIG-00233,2024-06-02 17:10:36,1,amount_spike,mobile
SIG-00009,2024-07-27 06:00:29,0,velocity,api
SIG-00160,2024-05-02 13:07:12,1,velocity,atm
SIG-00037,2024-03-23 06:06:08,0,structuring,web
SIG-00453,2024-11-04 21:42:54,0,unusual_hours,branch
SIG-00652,2024-04-16 10:02:47,1,velocity,branch
SIG-00254,2024-12-30 16:36:32,0,amount_spike,mobile
SIG-00304,2024-06-11 05:11:23,0,amount_spike,mobile
SIG-00897,2024-08-10 13:04:21,1,device_change,mobile
SIG-01049,2024-03-19 08:02:51,0,counterparty_risk,atm
SIG-00881,2024-06-26 07:14:56,1,amount_spike,api
SIG-00572,2024-08-10 03:03:27,0,structuring,web
SIG-00624,2024-07-27 18:52:31,1,amount_spike,web
SIG-01145,2024-08-04 20:12:11,1,counterparty_risk,branch
SIG-01031,2024-07-04 07:16:43,0,counterparty_risk,web
SIG-01146,2024-03-15 22:34:01,0,velocity,api
SIG-00263,2024-11-06 02:41:17,0,geo_anomaly,mobile
SIG-00611,2024-12-01 00:21:19,0,device_change,atm
SIG-00298,2024-03-20 09:21:41,1,amount_spike,web
SIG-00990,2024-01-30 16:40:51,1,unusual_hours,mobile
SIG-00415,2024-05-12 02:49:28,0,structuring,web
SIG-00151,2024-09-16 11:58:04,0,device_change,branch
SIG-00946,2024-11-01 08:27:28,0,structuring,web
SIG-00473,2024-08-08 12:06:16,0,unusual_hours,web
SIG-00953,2024-04-19 20:09:26,0,velocity,atm
SIG-00988,2024-09-07 16:58:37,1,structuring,mobile
SIG-00779,2024-03-21 08:56:29,1,geo_anomaly,branch
SIG-00641,2024-11-04 14:11:45,1,counterparty_risk,mobile
SIG-01190,2024-05-04 00:14:45,1,structuring,atm
SIG-01143,2024-10-21 23:36:49,0,unusual_hours,mobile
SIG-00551,2024-02-07 00:50:12,0,structuring,mobile
SIG-00640,2024-04-14 08:37:31,0,unusual_hours,api
SIG-00936,2024-12-03 22:05:18,0,device_change,web
SIG-00929,2024-02-26 20:48:41,0,counterparty_risk,mobile
SIG-00489,2024-10-05 10:09:35,0,structuring,api
SIG-00820,2024-06-08 00:53:01,0,structuring,mobile
SIG-00711,2024-06-17 22:20:03,1,unusual_hours,web
SIG-01081,2024-08-26 02:21:26,1,amount_spike,branch
SIG-00148,2024-10-27 20:10:53,0,device_change,api
SIG-00147,2024-10-11 23:28:04,0,structuring,branch
SIG-01175,2024-12-25 16:18:53,1,unusual_hours,branch
SIG-00963,2024-06-07 07:24:46,0,device_change,api
SIG-00346,2024-02-09 20:12:20,0,unusual_hours,atm
SIG-00403,2024-02-18 05:15:55,1,structuring,web
SIG-00932,2024-08-05 23:25:14,0,device_change,web
SIG-00955,2024-09-10 00:40:58,0,geo_anomaly,branch
SIG-01125,2024-02-29 02:08:03,0,velocity,atm
SIG-00660,2024-10-19 11:56:22,1,counterparty_risk,web
SIG-00464,2024-02-04 17:50:03,0,unusual_hours,atm
SIG-00187,2024-10-24 00:05:00,1,unusual_hours,branch
SIG-00609,2024-01-25 07:08:11,0,structuring,mobile
SIG-00144,2024-05-23 21:58:15,0,velocity,atm
SIG-00752,2024-09-30 16:14:45,0,geo_anomaly,mobile
SIG-00982,2024-06-24 00:19:29,0,amount_spike,atm
SIG-00198,2024-12-08 02:05:07,1,unusual_hours,api
SIG-00884,2024-07-06 10:51:20,1,counterparty_risk,atm
SIG-00280,2024-08-06 02:21:53,0,structuring,branch
SIG-00294,2024-09-14 01:42:56,0,device_change,api
SIG-01089,2024-06-03 17:22:29,0,velocity,web
SIG-00401,2024-12-06 23:10:54,0,counterparty_risk,atm
SIG-00123,2024-05-27 17:24:29,0,device_change,mobile
SIG-00203,2024-11-20 04:11:27,0,device_change,api
SIG-00836,2024-03-11 08:18:30,0,amount_spike,mobile
SIG-00247,2024-05-24 06:23:07,0,velocity,web
SIG-01140,2024-04-04 09:45:24,0,velocity,mobile
SIG-00385,2024-01-13 13:51:11,0,structuring,web
SIG-00855,2024-03-05 20:44:27,0,velocity,mobile
SIG-00220,2024-01-27 13:43:39,1,geo_anomaly,branch
SIG-00642,2024-09-26 19:06:25,0,amount_spike,api
SIG-00002,2024-10-14 15:31:25,0,structuring,mobile
SIG-00113,2024-07-25 06:30:28,1,structuring,atm
SIG-00699,2024-02-03 13:10:17,0,structuring,api
SIG-00952,2024-05-04 15:20:59,0,device_change,mobile
SIG-01079,2024-08-13 15:23:20,1,velocity,branch
SIG-00442,2024-10-27 19:51:08,0,counterparty_risk,api
SIG-00664,2024-02-09 00:24:09,1,geo_anomaly,mobile
SIG-01197,2024-08-09 21:11:16,1,geo_anomaly,atm
SIG-00318,2024-01-23 02:15:13,0,amount_spike,branch
SIG-00649,2024-06-27 11:36:45,1,velocity,mobile
SIG-00710,2024-09-04 11:16:50,0,counterparty_risk,api
SIG-00973,2024-08-19 17:13:35,0,device_change,atm
SIG-00628,2024-03-25 20:57:30,0,device_change,mobile
SIG-00633,2024-02-24 01:45:50,0,counterparty_risk,web
SIG-01172,2024-05-16 19:53:54,0,amount_spike,atm
SIG-01107,2024-04-20 08:42:20,0,device_change,web
SIG-00796,2024-02-13 16:45:05,0,device_change,web
SIG-00646,2024-05-05 09:19:16,0,counterparty_risk,branch
SIG-01013,2024-04-04 15:10:18,0,velocity,web
SIG-00557,2024-12-14 04:13:32,0,structuring,branch
SIG-00682,2024-02-15 01:04:23,1,device_change,atm
SIG-00578,2024-06-19 23:10:30,0,amount_spike,api
SIG-00525,2024-04-02 22:43:34,0,structuring,branch
SIG-01060,2024-09-26 14:20:13,0,device_change,api
SIG-00541,2024-07-25 16:34:47,1,structuring,api
SIG-00749,2024-07-23 10:51:20,1,device_change,mobile
SIG-01110,2024-02-22 11:21:43,0,unusual_hours,atm
SIG-00485,2024-08-19 09:23:35,0,counterparty_risk,mobile
SIG-00096,2024-09-14 23:08:38,1,amount_spike,atm
SIG-01021,2024-12-24 04:56:35,1,device_change,atm
SIG-00564,2024-08-28 05:55:04,1,amount_spike,web
SIG-00743,2024-08-11 13:50:21,0,counterparty_risk,api
SIG-00864,2024-06-21 13:18:33,0,device_change,mobile
SIG-00892,2024-12-12 10:37:09,1,structuring,mobile
SIG-01039,2024-07-06 20:58:17,1,amount_spike,branch
SIG-00207,2024-10-08 23:17:08,0,amount_spike,atm
SIG-00393,2024-08-01 14:20:41,0,structuring,branch
SIG-00795,2024-01-05 19:14:20,0,counterparty_risk,atm
SIG-00871,2024-03-21 15:50:53,1,unusual_hours,api
SIG-00398,2024-06-03 15:07:11,1,unusual_hours,api
SIG-00767,2024-05-25 18:29:34,0,velocity,api
SIG-01100,2024-06-02 13:54:38,0,amount_spike,api
SIG-01029,2024-07-06 05:42:58,0,counterparty_risk,api
SIG-00643,2024-01-01 23:03:02,0,counterparty_risk,mobile
SIG-00613,2024-11-24 08:47:49,0,device_change,atm
SIG-00961,2024-01-15 17:07:33,1,velocity,mobile
SIG-00726,2024-11-11 15:21:07,0,velocity,mobile
SIG-00684,2024-09-29 10:27:01,1,velocity,web
SIG-00099,2024-09-15 05:35:29,0,device_change,web
SIG-00805,2024-12-03 10:44:06,0,geo_anomaly,web
SIG-00407,2024-02-06 06:48:57,0,structuring,web
SIG-00503,2024-12-30 01:17:52,0,unusual_hours,mobile
SIG-01072,2024-07-29 06:54:10,0,velocity,api
SIG-01057,2024-01-02 19:21:16,0,amount_spike,web
SIG-00930,2024-10-19 16:00:16,0,structuring,mobile
SIG-00780,2024-02-14 20:37:16,0,amount_spike,api
SIG-00201,2024-12-20 13:07:23,1,velocity,api
SIG-00135,2024-10-19 21:57:46,0,velocity,web
SIG-01052,2024-03-02 03:29:29,0,velocity,branch
SIG-00041,2024-09-02 02:18:21,0,velocity,web
SIG-01018,2024-07-02 01:53:30,1,counterparty_risk,api
SIG-00231,2024-07-06 15:49:32,1,velocity,web
SIG-00379,2024-06-14 11:41:22,0,geo_anomaly,api
SIG-00289,2024-02-25 15:12:02,0,structuring,api
SIG-00419,2024-04-22 16:58:18,0,device_change,atm
SIG-00392,2024-02-04 02:16:08,0,counterparty_risk,branch
SIG-00593,2024-09-08 06:28:32,0,structuring,mobile
SIG-01087,2024-07-13 00:35:21,0,geo_anomaly,atm
SIG-00648,2024-10-23 00:43:20,0,velocity,mobile
SIG-00521,2024-10-22 19:31:30,0,structuring,atm
SIG-00065,2024-12-29 09:40:32,0,velocity,mobile
SIG-00015,2024-10-10 03:57:15,0,geo_anomaly,web
SIG-01065,2024-11-19 04:27:08,1,amount_spike,web
SIG-00493,2024-03-25 14:59:14,0,structuring,mobile
SIG-00380,2024-12-03 21:20:03,1,amount_spike,atm
SIG-00188,2024-03-09 00:53:45,0,device_change,atm
SIG-00764,2024-04-06 21:53:21,0,unusual_hours,mobile
SIG-00217,2024-04-12 22:11:28,1,amount_spike,atm
SIG-00792,2024-03-19 10:01:26,1,counterparty_risk,web
SIG-01077,2024-10-28 07:56:56,0,geo_anomaly,api
SIG-00879,2024-05-18 20:23:48,0,device_change,atm
SIG-00338,2024-03-11 05:36:23,0,counterparty_risk,atm
SIG-00720,2024-06-02 21:15:57,0,structuring,mobile
SIG-00296,2024-04-20 00:02:54,1,unusual_hours,atm
SIG-01017,2024-11-14 23:06:06,0,amount_spike,mobile
SIG-00456,2024-01-31 16:36:27,1,amount_spike,api
SIG-00816,2024-08-15 22:07:13,1,structuring,branch
SIG-00270,2024-02-11 22:16:37,0,device_change,api
SIG-00996,2024-11-25 07:45:48,0,counterparty_risk,atm
SIG-00202,2024-02-29 19:06:53,0,device_change,branch
SIG-00162,2024-10-22 05:39:04,1,structuring,atm
SIG-00730,2024-01-12 10:47:41,0,device_change,api
SIG-00402,2024-02-20 02:40:27,0,device_change,atm
SIG-00703,2024-01-10 06:51:35,1,geo_anomaly,atm
SIG-01130,2024-02-26 17:38:14,1,velocity,branch
SIG-00566,2024-02-11 09:07:35,0,velocity,mobile
SIG-01022,2024-05-29 16:45:54,0,geo_anomaly,mobile
SIG-01026,2024-12-16 07:06:26,1,structuring,atm
SIG-01105,2024-06-03 04:25:29,1,structuring,mobile
SIG-00206,2024-05-11 23:52:00,0,counterparty_risk,atm
SIG-00035,2024-10-22 09:19:33,0,structuring,web
SIG-00776,2024-04-02 06:06:37,1,velocity,mobile
SIG-00509,2024-09-18 04:27:05,0,counterparty_risk,branch
SIG-01184,2024-03-08 03:34:04,0,device_change,atm
SIG-00092,2024-10-09 22:31:55,1,counterparty_risk,branch
SIG-00898,2024-02-16 02:25:40,0,device_change,mobile
SIG-00565,2024-02-29 21:26:36,1,device_change,web
SIG-00777,2024-07-09 15:58:10,0,geo_anomaly,mobile
SIG-00242,2024-03-04 21:39:54,0,amount_spike,api
SIG-00014,2024-04-13 16:24:49,0,unusual_hours,mobile
SIG-00316,2024-06-20 17:40:40,0,unusual_hours,branch
SIG-00601,2024-06-19 04:00:09,0,unusual_hours,api
SIG-00388,2024-10-12 16:59:12,0,geo_anomaly,api
SIG-00167,2024-06-20 01:28:00,0,amount_spike,web
SIG-00841,2024-01-21 20:18:19,1,counterparty_risk,atm
SIG-00021,2024-10-16 07:48:02,0,structuring,atm
SIG-00647,2024-08-07 20:49:36,0,counterparty_risk,api
SIG-01155,2024-09-22 08:06:39,0,device_change,atm
SIG-00832,2024-04-10 18:01:41,0,device_change,api
SIG-00563,2024-06-16 17:06:52,0,geo_anomaly,atm
SIG-01171,2024-09-12 08:38:28,0,geo_anomaly,atm
SIG-00687,2024-12-15 11:39:07,1,velocity,branch
SIG-00958,2024-02-10 08:40:05,0,geo_anomaly,atm
SIG-00190,2024-02-05 10:26:27,0,device_change,branch
SIG-00976,2024-11-20 04:25:07,1,amount_spike,web
SIG-00700,2024-08-06 23:03:34,1,counterparty_risk,branch
SIG-00511,2024-08-04 04:59:20,0,structuring,web
SIG-01083,2024-06-24 01:05:55,0,geo_anomaly,atm
SIG-00475,2024-09-16 21:55:00,1,velocity,web
SIG-00857,2024-09-23 17:15:17,0,geo_anomaly,branch
SIG-00748,2024-01-15 17:50:51,0,velocity,mobile
SIG-00253,2024-03-01 00:15:28,0,device_change,mobile
SIG-00022,2024-12-14 16:18:56,1,structuring,api
SIG-00460,2024-02-08 21:54:45,1,device_change,branch
SIG-00277,2024-04-08 23:44:42,0,amount_spike,web
SIG-00956,2024-03-06 00:13:57,0,counterparty_risk,atm
SIG-00386,2024-05-24 11:24:57,0,device_change,mobile
SIG-00806,2024-10-27 14:29:27,0,counterparty_risk,branch
SIG-00344,2024-06-11 14:12:06,0,geo_anomaly,web
SIG-00770,2024-02-10 16:06:29,1,velocity,branch
SIG-00131,2024-06-25 14:06:17,1,amount_spike,branch
SIG-00872,2024-09-17 20:04:28,1,velocity,mobile
SIG-01124,2024-04-15 16:28:26,0,unusual_hours,atm
SIG-00088,2024-04-18 04:46:07,0,counterparty_risk,mobile
SIG-00331,2024-02-02 21:38:18,1,amount_spike,atm
SIG-00467,2024-10-17 21:12:56,0,counterparty_risk,branch
SIG-00122,2024-10-25 23:00:59,0,structuring,mobile
SIG-01045,2024-08-21 02:41:34,0,device_change,mobile
SIG-01096,2024-04-21 06:35:35,0,device_change,web
SIG-01131,2024-07-01 14:05:08,1,geo_anomaly,web
SIG-00861,2024-05-22 08:52:47,0,unusual_hours,mobile
SIG-01127,2024-03-31 09:57:04,0,velocity,web
